Date,Headline,Link,Summary
08/01/2026,Ribo Life-B Closes Up 29% to $74.8 on Gray Mkt,https://www.aastocks.com/en/stocks/news/aafn-con/NOW.1494815/ipo-news/AAFN,"Ribo Life-B(06938.HK), which will be listed tomorrow, opened up 12.1% to $65 on gray market. Peaking/ bottoming at $77/61, it closed at $74.8, up 29% or $16.83 from the listing price, on volume of 1.48 million shares and turnover of $108 million, according to PhillipMart data. Excluding handling fee, the book gain was $3,366 per..."
08/01/2026,Jinxun Resources Closes Up 29% to $38.7 on Gray Mkt,https://www.aastocks.com/en/stocks/news/aafn-con/NOW.1494814/ipo-news/AAFN,"Jinxun Resources(03636.HK), which will be listed tomorrow, opened up 16.7% to $35 on gray market. Peaking/ bottoming at $39.98/30, it closed at $38.7, up 29% or $8.70 from the listing price, on volume of 1.9 million shares and turnover of $70.89 million, according to Futu data. Excluding handling fee, the book gain was $1,740 pe..."
08/01/2026,MiniMax-WP Closes Up 24.6% to $205.6 on Gray Mkt,https://www.aastocks.com/en/stocks/news/aafn-con/NOW.1494813/ipo-news/AAFN,"MiniMax-WP(00100.HK), which will be listed tomorrow, opened up 15.2% to $190 on gray market. Peaking/ bottoming at $211.2/165, it closed at $205.6, up 24.6% or $40.60 from the listing price, on volume of 2.67 million shares and turnover of $523.38 million, according to Futu data. Excluding handling fee, the book gain was $812 pe..."
08/01/2026,"HK & CHINA GAS-backed EcoCeres Said to Appoint Investment Banks for HK IPO, Aiming to Raise Max. US$1B",https://www.aastocks.com/en/stocks/news/aafn-con/NOW.1494790/ipo-news/AAFN,"EcoCeres, a local renewable fuel company incubated and strategically backed by HK & CHINA GAS (00003.HK), has appointed Deutsche Bank, HSBC, Morgan Stanley and UBS to advance potential Hong Kong listing preparations, with expectations to possibly list within this year, Bloomberg quoted sources as saying.Early last year, ther..."
08/01/2026,"Baillie Gifford, GIC Buy HKD4.8B Worth of MINIMAX-WP Shrs",https://www.aastocks.com/en/stocks/news/aafn-con/NOW.1494786/ipo-news/AAFN,"Investment firms Baillie Gifford and Singaporean sovereign wealth fund GIC have subscribed to shares of MINIMAX-WP (00100.HK) in its Hong Kong IPO, involving HKD4.8 billion (around USD619 million), Bloomberg reported, citing informed sources.Informed sources indicated that the IPO pricing of MINIMAX-WP is set at the upper limit ..."
08/01/2026,"OMNIVISION Sets Offer Price at HKD104.8 per Shr, Poised to Debut Next Mon",https://www.aastocks.com/en/stocks/news/aafn-con/NOW.1494774/ipo-news/AAFN,[No content]
08/01/2026,Ribo Life-B Opens Up 8.6% to $62.95 on Gray Mkt,https://www.aastocks.com/en/stocks/news/aafn-con/NOW.1494762/ipo-news/AAFN,[No content]
08/01/2026,Jinxun Resources Opens Up 16.7% to $35 on Gray Mkt,https://www.aastocks.com/en/stocks/news/aafn-con/NOW.1494761/ipo-news/AAFN,[No content]
08/01/2026,MiniMax-WP Opens Up 15.2% to $190 on Gray Mkt,https://www.aastocks.com/en/stocks/news/aafn-con/NOW.1494759/ipo-news/AAFN,[No content]
08/01/2026,ILUVATAR COREX Closes Up 8.4% to $156.8,https://www.aastocks.com/en/stocks/news/aafn-con/NOW.1494753/ipo-news/AAFN,[No content]
08/01/2026,EDGE MEDICAL-B Closes Up 30.9% to $56.6,https://www.aastocks.com/en/stocks/news/aafn-con/NOW.1494752/ipo-news/AAFN,[No content]
08/01/2026,KNOWLEDGE ATLAS Closes Up 13.2% to $131.5,https://www.aastocks.com/en/stocks/news/aafn-con/NOW.1494751/ipo-news/AAFN,[No content]
08/01/2026,ILUVATAR COREX Closes Up 11.1% to $160.7 at Midday,https://www.aastocks.com/en/stocks/news/aafn-con/NOW.1494677/ipo-news/AAFN,[No content]
08/01/2026,EDGE MEDICAL-B Closes Up 29.2% to $55.85 at Midday,https://www.aastocks.com/en/stocks/news/aafn-con/NOW.1494676/ipo-news/AAFN,[No content]
08/01/2026,KNOWLEDGE ATLAS Closes Up 11.7% to $129.8 at Midday,https://www.aastocks.com/en/stocks/news/aafn-con/NOW.1494674/ipo-news/AAFN,[No content]
08/01/2026,Cyberport: Successful Listing of KNOWLEDGE ATLAS Marks Important Milestone in HK AI Sector Development,https://www.aastocks.com/en/stocks/news/aafn-con/NOW.1494666/ipo-news/AAFN,[No content]
08/01/2026,"BIDU-SW's Kunlunxin Appoints CICC/ Other Investment Banks for HK IPO, May Raise US$2B: Rumor",https://www.aastocks.com/en/stocks/news/aafn-con/NOW.1494655/ipo-news/AAFN,[No content]
08/01/2026,HKEX Records ~2.3x YoY Surge in IPO Fundraising to HKD285.8B Last Yr,https://www.aastocks.com/en/stocks/news/aafn-con/NOW.1494640/ipo-news/AAFN,[No content]
08/01/2026,KNOWLEDGE ATLAS: Significant Investment in Tech R&D Required; Profitability Timeline Not Yet Focus,https://www.aastocks.com/en/stocks/news/aafn-con/NOW.1494630/ipo-news/AAFN,[No content]
08/01/2026,ILUVATAR COREX Opens Up 31.5% to $190.2 on Debut,https://www.aastocks.com/en/stocks/news/aafn-con/NOW.1494611/ipo-news/AAFN,[No content]
"January 9, 2026",RIBOLIFE-B Closes Up 28.6% to $74.55 at Midday,https://www.aastocks.com/en/stocks/news/aafn-con/NOW.1495008/ipo-news/AAFN,"On debut today, RIBOLIFE-B(06938.HK) opened at $75, up 29.4% from the listing price of $57.97. Peaking/ bottoming at $76.6/65.9, the stock closed midday at $74.55, up 28.6% from the listing price of $57.97, on volume of 9.83 million shares and turnover of $711.1 million."
"January 9, 2026",JINXUN RESOURCE Closes Up 22.3% to $36.68 at Midday,https://www.aastocks.com/en/stocks/news/aafn-con/NOW.1495007/ipo-news/AAFN,"On debut today, JINXUN RESOURCE(03636.HK) opened at $38, up 26.7% from the listing price of $30. Peaking/ bottoming at $38.08/36.1, the stock closed midday at $36.68, up 22.3% from the listing price of $30, on volume of 8.34 million shares and turnover of $312.77 million."
"January 9, 2026",MINIMAX-WP Closes Up 78.2% to $294 at Midday,https://www.aastocks.com/en/stocks/news/aafn-con/NOW.1495006/ipo-news/AAFN,"On debut today, MINIMAX-WP(00100.HK) opened at $235.4, up 42.7% from the listing price of $165. Peaking/ bottoming at $299/220, the stock closed midday at $294, up 78.2% from the listing price of $165, on volume of 11.86 million shares and turnover of $2.76 billion."
"January 9, 2026",RIBOLIFE-B Opens Up 29.4% to $75 on Debut,https://www.aastocks.com/en/stocks/news/aafn-con/NOW.1494935/ipo-news/AAFN,"RIBOLIFE-B(06938.HK) opened at $75 on debut today, up 29.4% from the listing price of $57.97, 4.86 million shares traded at market open."
"January 9, 2026",JINXUN RESOURCE Opens Up 26.7% to $38 on Debut,https://www.aastocks.com/en/stocks/news/aafn-con/NOW.1494934/ipo-news/AAFN,"JINXUN RESOURCE(03636.HK) opened at $38 on debut today, up 26.7% from the listing price of $30, 5.05 million shares traded at market open."
"January 9, 2026",MINIMAX-WP Opens Up 42.7% to $235.4 on Debut,https://www.aastocks.com/en/stocks/news/aafn-con/NOW.1494933/ipo-news/AAFN,[No content]
"January 8, 2026",Ribo Life-B Closes Up 29% to $74.8 on Gray Mkt,https://www.aastocks.com/en/stocks/news/aafn-con/NOW.1494815/ipo-news/AAFN,[No content]
"January 8, 2026",Jinxun Resources Closes Up 29% to $38.7 on Gray Mkt,https://www.aastocks.com/en/stocks/news/aafn-con/NOW.1494814/ipo-news/AAFN,[No content]
"January 8, 2026",MiniMax-WP Closes Up 24.6% to $205.6 on Gray Mkt,https://www.aastocks.com/en/stocks/news/aafn-con/NOW.1494813/ipo-news/AAFN,[No content]
"January 8, 2026","HK & CHINA GAS-backed EcoCeres Said to Appoint Investment Banks for HK IPO, Aiming to Raise Max. US$1B",https://www.aastocks.com/en/stocks/news/aafn-con/NOW.1494790/ipo-news/AAFN,[No content]
"January 8, 2026","Baillie Gifford, GIC Buy HKD4.8B Worth of MINIMAX-WP Shrs",https://www.aastocks.com/en/stocks/news/aafn-con/NOW.1494786/ipo-news/AAFN,[No content]
"January 8, 2026","OMNIVISION Sets Offer Price at HKD104.8 per Shr, Poised to Debut Next Mon",https://www.aastocks.com/en/stocks/news/aafn-con/NOW.1494774/ipo-news/AAFN,[No content]
"January 8, 2026",Ribo Life-B Opens Up 8.6% to $62.95 on Gray Mkt,https://www.aastocks.com/en/stocks/news/aafn-con/NOW.1494762/ipo-news/AAFN,[No content]
"January 8, 2026",Jinxun Resources Opens Up 16.7% to $35 on Gray Mkt,https://www.aastocks.com/en/stocks/news/aafn-con/NOW.1494761/ipo-news/AAFN,[No content]
"January 8, 2026",MiniMax-WP Opens Up 15.2% to $190 on Gray Mkt,https://www.aastocks.com/en/stocks/news/aafn-con/NOW.1494759/ipo-news/AAFN,[No content]
"January 8, 2026",ILUVATAR COREX Closes Up 8.4% to $156.8,https://www.aastocks.com/en/stocks/news/aafn-con/NOW.1494753/ipo-news/AAFN,[No content]
"January 8, 2026",EDGE MEDICAL-B Closes Up 30.9% to $56.6,https://www.aastocks.com/en/stocks/news/aafn-con/NOW.1494752/ipo-news/AAFN,[No content]
"January 8, 2026",KNOWLEDGE ATLAS Closes Up 13.2% to $131.5,https://www.aastocks.com/en/stocks/news/aafn-con/NOW.1494751/ipo-news/AAFN,[No content]
"January 8, 2026",ILUVATAR COREX Closes Up 11.1% to $160.7 at Midday,https://www.aastocks.com/en/stocks/news/aafn-con/NOW.1494677/ipo-news/AAFN,[No content]
"January 8, 2026",EDGE MEDICAL-B Closes Up 29.2% to $55.85 at Midday,https://www.aastocks.com/en/stocks/news/aafn-con/NOW.1494676/ipo-news/AAFN,[No content]
"January 9, 2026",OmniVision Closes Down 0.3% to $104.5 on Gray Mkt,https://www.aastocks.com/en/stocks/news/aafn-con/NOW.1495118/ipo-news/AAFN,"OmniVision(00501.HK), which will be listed tomorrow, opened up 3.1% to $108 on gray market. Peaking/ bottoming at $108/100, it closed at $104.5, down 0.3% or $0.30 from the listing price, on volume of 779,500 shares and turnover of $81.84 million, according to Futu data. Excluding handling fee, the book loss was $30 per board lo..."
"January 9, 2026",Chipmaker XTX Technology Applies for HK Listing,https://www.aastocks.com/en/stocks/news/aafn-con/NOW.1495040/ipo-news/AAFN,"XTX Technology, a company that is engaged in chip R&D, design and sales, submitted an application for listing on the Hong Kong Stock Exchange, with GF Securities and CITIC Securities being its joint sponsors.XTX Technology focuses on the R&D, design and sales of NOR flash chips, providing NOR flash chips with a wide capa..."
"January 9, 2026",RIBOLIFE-B Closes Up 28.6% to $74.55 at Midday,https://www.aastocks.com/en/stocks/news/aafn-con/NOW.1495008/ipo-news/AAFN,"On debut today, RIBOLIFE-B(06938.HK) opened at $75, up 29.4% from the listing price of $57.97. Peaking/ bottoming at $76.6/65.9, the stock closed midday at $74.55, up 28.6% from the listing price of $57.97, on volume of 9.83 million shares and turnover of $711.1 million."
"January 9, 2026",JINXUN RESOURCE Closes Up 22.3% to $36.68 at Midday,https://www.aastocks.com/en/stocks/news/aafn-con/NOW.1495007/ipo-news/AAFN,"On debut today, JINXUN RESOURCE(03636.HK) opened at $38, up 26.7% from the listing price of $30. Peaking/ bottoming at $38.08/36.1, the stock closed midday at $36.68, up 22.3% from the listing price of $30, on volume of 8.34 million shares and turnover of $312.77 million."
"January 9, 2026",MINIMAX-WP Closes Up 78.2% to $294 at Midday,https://www.aastocks.com/en/stocks/news/aafn-con/NOW.1495006/ipo-news/AAFN,"On debut today, MINIMAX-WP(00100.HK) opened at $235.4, up 42.7% from the listing price of $165. Peaking/ bottoming at $299/220, the stock closed midday at $294, up 78.2% from the listing price of $165, on volume of 11.86 million shares and turnover of $2.76 billion."
"January 9, 2026",RIBOLIFE-B Opens Up 29.4% to $75 on Debut,https://www.aastocks.com/en/stocks/news/aafn-con/NOW.1494935/ipo-news/AAFN,[No content]
"January 9, 2026",JINXUN RESOURCE Opens Up 26.7% to $38 on Debut,https://www.aastocks.com/en/stocks/news/aafn-con/NOW.1494934/ipo-news/AAFN,[No content]
"January 9, 2026",MINIMAX-WP Opens Up 42.7% to $235.4 on Debut,https://www.aastocks.com/en/stocks/news/aafn-con/NOW.1494933/ipo-news/AAFN,[No content]
"January 12, 2026",OMNIVISION Opens Up 3.1% to $108 on Debut,https://www.aastocks.com/en/stocks/news/aafn-con/NOW.1495261/ipo-news/AAFN,"OMNIVISION(00501.HK) closed at $104.5 on gray market yesterday, down 0.3% from the listing price of $104.8. On debut today, the stock opened at $108, up 3.1% from the listing price of $104.8, 2.11 million shares traded at market open."
"January 9, 2026",OmniVision Closes Down 0.3% to $104.5 on Gray Mkt,https://www.aastocks.com/en/stocks/news/aafn-con/NOW.1495118/ipo-news/AAFN,"OmniVision(00501.HK), which will be listed tomorrow, opened up 3.1% to $108 on gray market. Peaking/ bottoming at $108/100, it closed at $104.5, down 0.3% or $0.30 from the listing price, on volume of 779,500 shares and turnover of $81.84 million, according to Futu data. Excluding handling fee, the book loss was $30 per board lo..."
"January 9, 2026",Chipmaker XTX Technology Applies for HK Listing,https://www.aastocks.com/en/stocks/news/aafn-con/NOW.1495040/ipo-news/AAFN,"XTX Technology, a company that is engaged in chip R&D, design and sales, submitted an application for listing on the Hong Kong Stock Exchange, with GF Securities and CITIC Securities being its joint sponsors.XTX Technology focuses on the R&D, design and sales of NOR flash chips, providing NOR flash chips with a wide capa..."
"January 9, 2026",RIBOLIFE-B Closes Up 28.6% to $74.55 at Midday,https://www.aastocks.com/en/stocks/news/aafn-con/NOW.1495008/ipo-news/AAFN,"On debut today, RIBOLIFE-B(06938.HK) opened at $75, up 29.4% from the listing price of $57.97. Peaking/ bottoming at $76.6/65.9, the stock closed midday at $74.55, up 28.6% from the listing price of $57.97, on volume of 9.83 million shares and turnover of $711.1 million."
"January 9, 2026",JINXUN RESOURCE Closes Up 22.3% to $36.68 at Midday,https://www.aastocks.com/en/stocks/news/aafn-con/NOW.1495007/ipo-news/AAFN,"On debut today, JINXUN RESOURCE(03636.HK) opened at $38, up 26.7% from the listing price of $30. Peaking/ bottoming at $38.08/36.1, the stock closed midday at $36.68, up 22.3% from the listing price of $30, on volume of 8.34 million shares and turnover of $312.77 million."
"January 9, 2026",MINIMAX-WP Closes Up 78.2% to $294 at Midday,https://www.aastocks.com/en/stocks/news/aafn-con/NOW.1495006/ipo-news/AAFN,[No content]
"January 9, 2026",RIBOLIFE-B Opens Up 29.4% to $75 on Debut,https://www.aastocks.com/en/stocks/news/aafn-con/NOW.1494935/ipo-news/AAFN,[No content]
"January 9, 2026",JINXUN RESOURCE Opens Up 26.7% to $38 on Debut,https://www.aastocks.com/en/stocks/news/aafn-con/NOW.1494934/ipo-news/AAFN,[No content]
"January 9, 2026",MINIMAX-WP Opens Up 42.7% to $235.4 on Debut,https://www.aastocks.com/en/stocks/news/aafn-con/NOW.1494933/ipo-news/AAFN,[No content]
"January 13, 2026",BBSB INTL Opens Up 400% to $3 on Debut,https://www.aastocks.com/en/stocks/news/aafn-con/NOW.1495610/ipo-news/AAFN,"BBSB INTL(08610.HK) closed at $2.74 on gray market yesterday, up 356.7% from the listing price of $0.6. On debut today, the stock opened at $3, up 400% from the listing price of $0.6, 28.74 million shares traded at market open."
"January 13, 2026",GIGADEVICE Opens Up 45.1% to $235 on Debut,https://www.aastocks.com/en/stocks/news/aafn-con/NOW.1495609/ipo-news/AAFN,"GIGADEVICE(03986.HK) closed at $226.8 on gray market yesterday, up 40.0% from the listing price of $162. On debut today, the stock opened at $235, up 45.1% from the listing price of $162, 4.25 million shares traded at market open."
"January 13, 2026",HX COLDCHAIN Opens Up 59.7% to $19.58 on Debut,https://www.aastocks.com/en/stocks/news/aafn-con/NOW.1495608/ipo-news/AAFN,"HX COLDCHAIN(01641.HK) closed at $18.07 on gray market yesterday, up 47.4% from the listing price of $12.26. On debut today, the stock opened at $19.58, up 59.7% from the listing price of $12.26, 5.17 million shares traded at market open."
"January 13, 2026","Yuen Kee Dumpling's Parent Co. Yuen Kee Food Applies for HK Listing w/ ~4,300 Stores",https://www.aastocks.com/en/stocks/news/aafn-con/NOW.1495599/ipo-news/AAFN,"Yuen Kee Food, the Chinese fast-food enterprise operating the 'Yuen Kee Dumpling' brand, applied for listing in Hong Kong, with Huatai International and GF Securities being its joint sponsors.As of the end of September 2025, Yuen Kee Food had 4,266 stores across more than 200 cities nationwide, most of which are franchis..."
"January 13, 2026",Qiandama Submits HK IPO Application,https://www.aastocks.com/en/stocks/news/aafn-con/NOW.1495580/ipo-news/AAFN,"Qdama International Holding, a fresh retail brand in China, has officially submitted a listing application to HKEX (00388.HK) to raise funds through the capital market for its business expansion."
"January 13, 2026","JINGXIN PHARM Plans to Issue H-Shrs, List on HKEX",https://www.aastocks.com/en/stocks/news/aafn-con/NOW.1495574/ipo-news/AAFN,[No content]
"January 13, 2026",Vergiga Semiconductor Submits Application for IPO to HKEX,https://www.aastocks.com/en/stocks/news/aafn-con/NOW.1495573/ipo-news/AAFN,[No content]
"January 12, 2026",BBSB International Closes Up 356.7% to $2.74 on Gray Mkt,https://www.aastocks.com/en/stocks/news/aafn-con/NOW.1495488/ipo-news/AAFN,[No content]
"January 12, 2026",GigaDevice Closes Up 40% to $226.8 on Gray Mkt,https://www.aastocks.com/en/stocks/news/aafn-con/NOW.1495487/ipo-news/AAFN,[No content]
"January 12, 2026",HX Coldchain Closes Up 47.4% to $18.07 on Gray Mkt,https://www.aastocks.com/en/stocks/news/aafn-con/NOW.1495486/ipo-news/AAFN,[No content]
"January 12, 2026",BBSB International Opens Up 68.3% to $1.01 on Gray Mkt,https://www.aastocks.com/en/stocks/news/aafn-con/NOW.1495436/ipo-news/AAFN,[No content]
"January 12, 2026",GigaDevice Opens Up 20.2% to $194.8 on Gray Mkt,https://www.aastocks.com/en/stocks/news/aafn-con/NOW.1495435/ipo-news/AAFN,[No content]
"January 12, 2026",HX Coldchain Opens Up 38.7% to $17 on Gray Mkt,https://www.aastocks.com/en/stocks/news/aafn-con/NOW.1495434/ipo-news/AAFN,[No content]
"January 12, 2026",OLYMVAX BIOPHARMACEUTICALS' Filing for HK Listing Accepted by CSRC,https://www.aastocks.com/en/stocks/news/aafn-con/NOW.1495430/ipo-news/AAFN,[No content]
"January 12, 2026",OMNIVISION Closes Up 16.2% to $121.8,https://www.aastocks.com/en/stocks/news/aafn-con/NOW.1495429/ipo-news/AAFN,[No content]
"January 12, 2026","BrainCo Reportedly Secretly Applies for HK IPO, Potentially Becoming 1st Listed Firm Among Hangzhou 6 Little Dragons",https://www.aastocks.com/en/stocks/news/aafn-con/NOW.1495406/ipo-news/AAFN,[No content]
"January 12, 2026",XPENG-W Reportedly Taps I-Banks for XPeng Aeroht's HK IPO,https://www.aastocks.com/en/stocks/news/aafn-con/NOW.1495405/ipo-news/AAFN,[No content]
"January 12, 2026",OMNIVISION Closes Up 15.2% to $120.7 at Midday,https://www.aastocks.com/en/stocks/news/aafn-con/NOW.1495344/ipo-news/AAFN,[No content]
"January 12, 2026",OMNIVISION Opens Up 3.1% to $108 on Debut,https://www.aastocks.com/en/stocks/news/aafn-con/NOW.1495261/ipo-news/AAFN,[No content]
"January 14, 2026","EASTROC BEVERAGE, MUYUAN Said to Launch Hong Kong Pre-IPO Roadshows This Week",https://www.aastocks.com/en/stocks/news/aafn-con/NOW.1495921/ipo-news/AAFN,"Chinese beverage company EASTROC BEVERAGE (605499.SH) and leading hog farming company MUYUAN (002714.SZ) are set to launch pre-IPO roadshows in Hong Kong as early as this week, IFR reported, citing people familiar with the matter. They aim to raise USD1 billion and USD1.5 billion respectively, with EASTROC BEVERAGE expected to d..."
"January 14, 2026","LONGCHEER's IPO Starts Tdy w/ Entry Fee ~HKD3,131.3",https://www.aastocks.com/en/stocks/news/aafn-con/NOW.1495922/ipo-news/AAFN,"LONGCHEER (09611.HK) (603341.SH), a major electronics product OEM listed on the main board of the Shanghai Stock Exchange in 2024, has announced the details of its Hong Kong IPO.The company plans to globally offer 52.259 million H-shares, with around 10% for the Hong Kong public offering. With an offer price of HKD31 per share, ..."
"January 13, 2026",ZHONGJIAN TECHNOLOGY Receives Acceptance of H-shr Offering Filing Materials Submitted to CSRC,https://www.aastocks.com/en/stocks/news/aafn-con/NOW.1495784/ipo-news/AAFN,"ZHONGJIAN TECHNOLOGY (002779.SZ) submitted the application for a listing of its H-shares on the Main Board of the Stock Exchange on 25 November 2025, completed the filing of materials for record with the China Securities Regulatory Commission (CSRC), and recently received acceptance of the application from the CSRC. However, th..."
"January 13, 2026",BBSB INTL Closes Up 11.7% to $0.67,https://www.aastocks.com/en/stocks/news/aafn-con/NOW.1495759/ipo-news/AAFN,"On debut today, BBSB INTL(08610.HK) opened at $3, up 400% from the listing price of $0.6. Peaking/ bottoming at $3.11/0.59, the stock closed at $0.67, up 11.7% from the listing price of $0.6, on volume of 120.96 million shares and turnover of $180.04 million. Excluding handling fee, the book gain was $280 per board lot size of 4..."
"January 13, 2026",GIGADEVICE Closes Up 37.5% to $222.8,https://www.aastocks.com/en/stocks/news/aafn-con/NOW.1495758/ipo-news/AAFN,"On debut today, GIGADEVICE(03986.HK) opened at $235, up 45.1% from the listing price of $162. Peaking/ bottoming at $248.8/220, the stock closed at $222.8, up 37.5% from the listing price of $162, on volume of 10.43 million shares and turnover of $2.39 billion. Excluding handling fee, the book gain was $6,080 per board lot size ..."
"January 13, 2026",HX COLDCHAIN Closes Up 0.3% to $12.3,https://www.aastocks.com/en/stocks/news/aafn-con/NOW.1495757/ipo-news/AAFN,[No content]
"January 13, 2026",BBSB INTL Closes Up 65% to $0.99 at Midday,https://www.aastocks.com/en/stocks/news/aafn-con/NOW.1495682/ipo-news/AAFN,[No content]
"January 13, 2026",GIGADEVICE Closes Up 40% to $226.8 at Midday,https://www.aastocks.com/en/stocks/news/aafn-con/NOW.1495681/ipo-news/AAFN,[No content]
"January 13, 2026",HX COLDCHAIN Closes Up 4.4% to $12.8 at Midday,https://www.aastocks.com/en/stocks/news/aafn-con/NOW.1495680/ipo-news/AAFN,[No content]
"January 13, 2026",BBSB INTL Opens Up 400% to $3 on Debut,https://www.aastocks.com/en/stocks/news/aafn-con/NOW.1495610/ipo-news/AAFN,[No content]
"January 13, 2026",GIGADEVICE Opens Up 45.1% to $235 on Debut,https://www.aastocks.com/en/stocks/news/aafn-con/NOW.1495609/ipo-news/AAFN,[No content]
"January 13, 2026",HX COLDCHAIN Opens Up 59.7% to $19.58 on Debut,https://www.aastocks.com/en/stocks/news/aafn-con/NOW.1495608/ipo-news/AAFN,[No content]
"January 13, 2026","Yuen Kee Dumpling's Parent Co. Yuen Kee Food Applies for HK Listing w/ ~4,300 Stores",https://www.aastocks.com/en/stocks/news/aafn-con/NOW.1495599/ipo-news/AAFN,[No content]
"January 13, 2026",Qiandama Submits HK IPO Application,https://www.aastocks.com/en/stocks/news/aafn-con/NOW.1495580/ipo-news/AAFN,[No content]
"January 13, 2026","JINGXIN PHARM Plans to Issue H-Shrs, List on HKEX",https://www.aastocks.com/en/stocks/news/aafn-con/NOW.1495574/ipo-news/AAFN,[No content]
"January 13, 2026",Vergiga Semiconductor Submits Application for IPO to HKEX,https://www.aastocks.com/en/stocks/news/aafn-con/NOW.1495573/ipo-news/AAFN,[No content]
"January 15, 2026","Montage Said to Attract BABA-W, JPM Asset Mgmt as Cornerstone Investors for HK IPO",https://www.aastocks.com/en/stocks/news/aafn-con/NOW.1496230/ipo-news/AAFN,"Chinese chip design company Montage Technology will bring in BABA-W (09988.HK) and J.P. Morgan Asset Management as cornerstone investors for its Hong Kong IPO, Bloomberg, citing people with the knowledge of the matter, reported.The listing is projected to raise approximately USD900 million, with the potential for a higher amount..."
"January 15, 2026","DINGLONG Plans to Issue H-Shrs, List on HKEX",https://www.aastocks.com/en/stocks/news/aafn-con/NOW.1496227/ipo-news/AAFN,"DINGLONG (300054.SZ) announced that it is currently planning to issue H-shares and list on HKEX (00388.HK).The company is still in discussions with relevant intermediaries regarding the specific progress of this H-share issuance and listing, and the relevant details have not yet been determined.This H-share issuance and listing ..."
"January 14, 2026","EASTROC BEVERAGE, MUYUAN Said to Launch Hong Kong Pre-IPO Roadshows This Week",https://www.aastocks.com/en/stocks/news/aafn-con/NOW.1495921/ipo-news/AAFN,"Chinese beverage company EASTROC BEVERAGE (605499.SH) and leading hog farming company MUYUAN (002714.SZ) are set to launch pre-IPO roadshows in Hong Kong as early as this week, IFR reported, citing people familiar with the matter. They aim to raise USD1 billion and USD1.5 billion respectively, with EASTROC BEVERAGE expected to d..."
"January 14, 2026","LONGCHEER's IPO Starts Tdy w/ Entry Fee ~HKD3,131.3",https://www.aastocks.com/en/stocks/news/aafn-con/NOW.1495922/ipo-news/AAFN,"LONGCHEER (09611.HK) (603341.SH), a major electronics product OEM listed on the main board of the Shanghai Stock Exchange in 2024, has announced the details of its Hong Kong IPO.The company plans to globally offer 52.259 million H-shares, with around 10% for the Hong Kong public offering. With an offer price of HKD31 per share, ..."
"January 16, 2026",Great Many of Fake Accounts Participating in HK IPO Mkt: Report,https://www.aastocks.com/en/stocks/news/aafn-con/NOW.1496593/ipo-news/AAFN,"Around 200,000 fake securities accounts opened through brokers licensed in New Zealand, Vietnam, and other places where approval procedures are more relaxed have been actively participating in Hong Kong's IPO market, according to Chinese financial self-media outlets.Sing Tao Daily cited industry sources as saying that there ..."
"January 15, 2026","CKH Aims for A.S. Watson's Listing in HK, London by 2Q w/ USD30B Valuation: Wire",https://www.aastocks.com/en/stocks/news/aafn-con/NOW.1496461/ipo-news/AAFN,"CKH HOLDINGS (00001.HK) is seeking to arrange for its retail subsidiary, A.S. Watson Group, to be listed in Hong Kong and London, with the completion as soon as the second quarter, Reuters reported, citing two people with the knowledge of the matter. The target IPO valuation is USD30 billion (approximately HKD234 billion). CKH h..."
"January 15, 2026",EASTROC BEVERAGE  Gauging Institutional Investor Interest for HK Listing: Wire,https://www.aastocks.com/en/stocks/news/aafn-con/NOW.1496349/ipo-news/AAFN,"Chinese beverage company EASTROC BEVERAGE (605499.SH) is gauging institutional investor interest for its secondary listing in Hong Kong, Bloomberg reported, citing people with the knowledge of the matter. The company is expected to build its book for subscription as early as this month. Prior to this, EASTROC BEVERAGE purportedl..."
"January 15, 2026","Montage Said to Attract BABA-W, JPM Asset Mgmt as Cornerstone Investors for HK IPO",https://www.aastocks.com/en/stocks/news/aafn-con/NOW.1496230/ipo-news/AAFN,"Chinese chip design company Montage Technology will bring in BABA-W (09988.HK) and J.P. Morgan Asset Management as cornerstone investors for its Hong Kong IPO, Bloomberg, citing people with the knowledge of the matter, reported.The listing is projected to raise approximately USD900 million, with the potential for a higher amount..."
"January 15, 2026","DINGLONG Plans to Issue H-Shrs, List on HKEX",https://www.aastocks.com/en/stocks/news/aafn-con/NOW.1496227/ipo-news/AAFN,"DINGLONG (300054.SZ) announced that it is currently planning to issue H-shares and list on HKEX (00388.HK).The company is still in discussions with relevant intermediaries regarding the specific progress of this H-share issuance and listing, and the relevant details have not yet been determined.This H-share issuance and listing ..."
"January 16, 2026",Great Many of Fake Accounts Participating in HK IPO Mkt: Report,https://www.aastocks.com/en/stocks/news/aafn-con/NOW.1496593/ipo-news/AAFN,"Around 200,000 fake securities accounts opened through brokers licensed in New Zealand, Vietnam, and other places where approval procedures are more relaxed are estimated to have been actively participating in Hong Kong's IPO market, according to Chinese financial self-media outlets.Sing Tao Daily cited industry sources as s..."
"January 16, 2026",Great Many of Fake Accounts Participating in HK IPO Mkt: Report,https://www.aastocks.com/en/stocks/news/aafn-con/NOW.1496593/ipo-news/AAFN,"Around 200,000 fake securities accounts opened through brokers licensed in New Zealand, Vietnam, and other places where approval procedures are more relaxed are estimated to have been actively participating in Hong Kong's IPO market, according to Chinese financial self-media outlets.Sing Tao Daily cited industry sources as s..."
"January 19, 2026",Duoning Biotech Applies for HK Listing; WUXI BIO Largest Client,https://www.aastocks.com/en/stocks/news/aafn-con/NOW.1496964/ipo-news/AAFN,"Shanghai Duoning Biotechnology submitted a listing application to the Hong Kong Stock Exchange, with Morgan Stanley and Huatai International serving as joint sponsors. The company mainly serves pharmaceutical companies, contract research organizations (CRO), contract development and manufacturing organizations (CDMO), and resear..."
"January 19, 2026",HKEX Reviewing ROBOROCK's Application for H-Shr Issuance,https://www.aastocks.com/en/stocks/news/aafn-con/NOW.1496865/ipo-news/AAFN,"The HKEX's Listing Committee started its review of ROBOROCK (688169.SH)'s H-share listing application on January 15, 2026, but it hasn't yet granted an official approval.ROBOROCK expected its 2025 net profit to have reached no less than RMB1.34billion."
"January 16, 2026",Great Many of Fake Accounts Participating in HK IPO Mkt: Report,https://www.aastocks.com/en/stocks/news/aafn-con/NOW.1496593/ipo-news/AAFN,"Around 200,000 fake securities accounts opened through brokers licensed in New Zealand, Vietnam, and other places where approval procedures are more relaxed are estimated to have been actively participating in Hong Kong's IPO market, according to Chinese financial self-media outlets.Sing Tao Daily cited industry sources as s..."
"January 20, 2026",CN Dairy Firm Junlebao Files HK IPO Application; MENGNIU DAIRY Once Major Shareholder,https://www.aastocks.com/en/stocks/news/aafn-con/NOW.1497267/ipo-news/AAFN,"Chinese dairy company Junlebao Dairy recently submitted a listing application to the Hong Kong Stock Exchange, with CICC and Morgan Stanley acting as joint sponsors.Based on China's retail sales in 2024, Junlebao is the third-largest comprehensive dairy company in China, with a market share of 4.3%, according to market resea..."
"January 20, 2026","BUSYMING  IPO Starts Tdy, Attracting 8 Cornerstone Investors Like TENCENT/ Temasek/ BlackRock",https://www.aastocks.com/en/stocks/news/aafn-con/NOW.1497204/ipo-news/AAFN,"Chinese food and beverage retailer BUSYMING (01768.HK) announced its IPO in Hong Kong, planning to globally offer 14.1011 million H-shares, with around 10%, or 1.4102 million shares, for the Hong Kong public offering and about 90%, or 12.6909 million shares for the international placement. The offer price ranges from $229.6 to $..."
"January 20, 2026","Busy Ming Group's HK IPO Reportedly Introduces Tencent, Fidelity, Temasek as Cornerstone Investors",https://www.aastocks.com/en/stocks/news/aafn-con/NOW.1497187/ipo-news/AAFN,"Mainland Chinese snack chain Busy Ming Group cleared HKEX (00388.HK) IPO hearing. According to hearsay, it introduced TENCENT (00700.HK), Fidelity International, and Temasek as cornerstone investors. The company is purportedly anticipated to raise approximately USD500 million (equivalent to about HKD3.9 billion), with the subscr..."
"January 20, 2026",CSG  Submits IPO Application to HKEX,https://www.aastocks.com/en/stocks/news/aafn-con/NOW.1497189/ipo-news/AAFN,"CSG (300222.SZ) has submitted an IPO application to HKEX (00388.HK), with joint sponsors being Huatai International and Guoyuan International.According to its prospectus, CSG is a leading tech company in China driven by dual engines of digital energy and intelligent robotics. Focusing on ""digital energy"" and ""digi..."
"January 19, 2026","MUYUAN  Reportedly Plans to List in HK as Early as Feb to Raise USD1.5B, Gauging Investor Appetite",https://www.aastocks.com/en/stocks/news/aafn-con/NOW.1497046/ipo-news/AAFN,"MUYUAN (002714.SZ), already listed on the Shenzhen Stock Exchange and one of the world's largest hog farming and pork production companies, plans to list in Hong Kong as early as February, Bloomberg, citing sources, reported. The company is gauging investor appetite and may raise up to USD1.5 billion. Morgan Stanley, CITIC S..."
"January 19, 2026",Duoning Biotech Applies for HK Listing; WUXI BIO Largest Client,https://www.aastocks.com/en/stocks/news/aafn-con/NOW.1496964/ipo-news/AAFN,[No content]
"January 19, 2026",HKEX Reviewing ROBOROCK's Application for H-Shr Issuance,https://www.aastocks.com/en/stocks/news/aafn-con/NOW.1496865/ipo-news/AAFN,[No content]
"January 20, 2026",CN Dairy Firm Junlebao Files HK IPO Application; MENGNIU DAIRY Once Major Shareholder,https://www.aastocks.com/en/stocks/news/aafn-con/NOW.1497267/ipo-news/AAFN,"Chinese dairy company Junlebao Dairy recently submitted a listing application to the Hong Kong Stock Exchange, with CICC and Morgan Stanley acting as joint sponsors.Based on China's retail sales in 2024, Junlebao is the third-largest comprehensive dairy company in China, with a market share of 4.3%, according to market resea..."
"January 20, 2026","BUSYMING  IPO Starts Tdy, Attracting 8 Cornerstone Investors Like TENCENT/ Temasek/ BlackRock",https://www.aastocks.com/en/stocks/news/aafn-con/NOW.1497204/ipo-news/AAFN,"Chinese food and beverage retailer BUSYMING (01768.HK) announced its IPO in Hong Kong, planning to globally offer 14.1011 million H-shares, with around 10%, or 1.4102 million shares, for the Hong Kong public offering and about 90%, or 12.6909 million shares for the international placement. The offer price ranges from $229.6 to $..."
"January 20, 2026","Busy Ming Group's HK IPO Reportedly Introduces Tencent, Fidelity, Temasek as Cornerstone Investors",https://www.aastocks.com/en/stocks/news/aafn-con/NOW.1497187/ipo-news/AAFN,"Mainland Chinese snack chain Busy Ming Group cleared HKEX (00388.HK) IPO hearing. According to hearsay, it introduced TENCENT (00700.HK), Fidelity International, and Temasek as cornerstone investors. The company is purportedly anticipated to raise approximately USD500 million (equivalent to about HKD3.9 billion), with the subscr..."
"January 20, 2026",CSG  Submits IPO Application to HKEX,https://www.aastocks.com/en/stocks/news/aafn-con/NOW.1497189/ipo-news/AAFN,"CSG (300222.SZ) has submitted an IPO application to HKEX (00388.HK), with joint sponsors being Huatai International and Guoyuan International.According to its prospectus, CSG is a leading tech company in China driven by dual engines of digital energy and intelligent robotics. Focusing on ""digital energy"" and ""digi..."
"January 22, 2026",LONGCHEER Opens Up 12.9% to $35 on Debut,https://www.aastocks.com/en/stocks/news/aafn-con/NOW.1497870/ipo-news/AAFN,"LONGCHEER(09611.HK) closed at $36.22 on gray market yesterday, up 16.8% from the listing price of $31. On debut today, the stock opened at $35, up 12.9% from the listing price of $31, 8.27 million shares traded at market open."
"January 22, 2026",A-shr Firm LEAD INTELLIGENT Secures CSRC Filing for HK IPO,https://www.aastocks.com/en/stocks/news/aafn-con/NOW.1497847/ipo-news/AAFN,"The International Affairs Department of the China Securities Regulatory Commission (CSRC) issued a filing notice regarding LEAD INTELLIGENT (300450.SZ) for overseas offering and listing. The Company plans to issue approx. 200 million overseas-listed ordinary shares, and list on HKEX (00388.HK). ~AASTOCKS Financial NewsWebsite: w..."
"January 21, 2026",Longcheer Closes Up 16.8% to $36.22 on Gray Mkt,https://www.aastocks.com/en/stocks/news/aafn-con/NOW.1497769/ipo-news/AAFN,"Longcheer(09611.HK), which will be listed tomorrow, opened up 4.8% to $32.5 on gray market. Peaking/ bottoming at $37.3/32.5, it closed at $36.22, up 16.8% or $5.22 from the listing price, on volume of 2.81 million shares and turnover of $102 million, according to PhillipMart data. Excluding handling fee, the book gain was $522 ..."
"January 21, 2026",Longcheer Opens Up 3.2% to $32 on Gray Mkt,https://www.aastocks.com/en/stocks/news/aafn-con/NOW.1497721/ipo-news/AAFN,"Longcheer(09611.HK), which will be listed tomorrow, opened up 3.2% to $32 on gray market, and last printed at $37.1, up 19.7% from the listing price , on volume of 1.66 million shares and turnover of $61.22 million, according to Futu data.Longcheer(09611.HK), which will be listed tomorrow, opened up 4.8% to $32.5 on gray market,..."
"January 21, 2026",CKH Intends to Spin Off Global Telecom Biz for London & HK Listings as Early as 3Q: Report,https://www.aastocks.com/en/stocks/news/aafn-con/NOW.1497686/ipo-news/AAFN,"CKH HOLDINGS (00001.HK) is considering spinning off its global telecom business as early as 3Q for listings in London and Hong Kong, Reuters reported, citing sources. Goldman Sachs, Citi, and Deutsche Bank are collaborating with it on the spin-off listing. It is understood that CKH HOLDINGS is thinking about selecting London as ..."
"January 21, 2026",BUSYMING  Margin Subscription Hits ~HKD66B w/ 196x+ Oversubscription,https://www.aastocks.com/en/stocks/news/aafn-con/NOW.1497542/ipo-news/AAFN,[No content]
"January 23, 2026",'Four Dragons of Domestic GPU' Enflame CN STAR Mkt IPO Accepted w/ Plans to Raise ~RMB6B,https://www.aastocks.com/en/stocks/news/aafn-con/NOW.1498173/ipo-news/AAFN,"Enflame, one of the 'Four Dragons of Domestic GPU', had its STAR market IPO accepted, according to information from the Shanghai Stock Exchange (SSE). Enflame planned to raise approx. RMB6 billion to invest in R&D and industrialization projects for its fifth-generation AI chip series products and sixth-generation AI ..."
"January 22, 2026",BABA-W Reportedly Plans Independent Listing for Chip Subsidiary T-Head,https://www.aastocks.com/en/stocks/news/aafn-con/NOW.1498040/ipo-news/AAFN,"BABA-W (09988.HK) has decided to support the future independent listing of its chip subsidiary T-Head, Sina Tech, citing market sources, reported. Alibaba has yet to make comment on the news.T-Head, established in 2018, is Alibaba's wholly-owned semiconductor chip company. It offers a comprehensive range of end-to-end produc..."
"January 22, 2026",LONGCHEER Closes Up 3.5% to $32.1,https://www.aastocks.com/en/stocks/news/aafn-con/NOW.1498019/ipo-news/AAFN,"On debut today, LONGCHEER(09611.HK) opened at $35, up 12.9% from the listing price of $31. Peaking/ bottoming at $36.86/31.22, the stock closed at $32.1, up 3.5% from the listing price of $31, on volume of 24.63 million shares and turnover of $836.57 million. Excluding handling fee, the book gain was $110 per board lot size of 1..."
"January 22, 2026",LONGCHEER Closes Up 4.8% to $32.5 at Midday,https://www.aastocks.com/en/stocks/news/aafn-con/NOW.1497944/ipo-news/AAFN,"On debut today, LONGCHEER(09611.HK) opened at $35, up 12.9% from the listing price of $31. Peaking/ bottoming at $36.86/31.22, the stock closed midday at $32.5, up 4.8% from the listing price of $31, on volume of 19.62 million shares and turnover of $675.13 million."
"January 22, 2026",CN Beverage Brand Chi Forest Denies HK IPO Plan,https://www.aastocks.com/en/stocks/news/aafn-con/NOW.1497935/ipo-news/AAFN,"Chinese beverage brand, Chi Forest, is considering a Hong Kong IPO, and has held preliminary discussions with potential advisors, Bloomberg quoted sources as saying. However, Chi Forest responded that the company currently has no IPO plans.It is reported that, as of the end of 2021, Chi Forest's valuation reached US$15 billi..."
"January 22, 2026",LONGCHEER Opens Up 12.9% to $35 on Debut,https://www.aastocks.com/en/stocks/news/aafn-con/NOW.1497870/ipo-news/AAFN,[No content]
"January 22, 2026",A-shr Firm LEAD INTELLIGENT Secures CSRC Filing for HK IPO,https://www.aastocks.com/en/stocks/news/aafn-con/NOW.1497847/ipo-news/AAFN,[No content]
"January 23, 2026","BUSYMING Margin Subscription Amt Rises to ~$510B, Oversubscribed 1,527x",https://www.aastocks.com/en/stocks/news/aafn-con/NOW.1498402/ipo-news/AAFN,"The IPO period for chain snack retailer BUSYMING (01768.HK) concluded at noon today (23rd). BUSYMING's IPO received a margin of nearly $509.9 billion from various brokers, representing an oversubscription of 1,527.2 times based on the public offering portion raising approx. $334 million, according to consolidated market data..."
"January 23, 2026",'Four Dragons of Domestic GPU' Enflame CN STAR Mkt IPO Accepted w/ Plans to Raise ~RMB6B,https://www.aastocks.com/en/stocks/news/aafn-con/NOW.1498173/ipo-news/AAFN,"Enflame, one of the 'Four Dragons of Domestic GPU', had its STAR market IPO accepted, according to information from the Shanghai Stock Exchange (SSE). Enflame planned to raise approx. RMB6 billion to invest in R&D and industrialization projects for its fifth-generation AI chip series products and sixth-generation AI ..."
"January 26, 2026","EASTROC  Begins IPO Today with Entry Fee HKD25,000+; Tencent, Qatar Sovereign Fund, Temasek as Cornerstone Investors",https://www.aastocks.com/en/stocks/news/aafn-con/NOW.1498538/ipo-news/AAFN,"The Mainland Chinese energy drink brand EASTROC (09980.HK), listed on the A-shares market, kicks off its IPO today (26th) until the 29th. The H-share offering comprises approximately 40.89 million shares, with 10% for public offering. The maximum offer price is HKD248 per share, with the total fundraising amounting to approximat..."
"January 23, 2026","BUSYMING Margin Subscription Amt Rises to ~$510B, Oversubscribed 1,527x",https://www.aastocks.com/en/stocks/news/aafn-con/NOW.1498402/ipo-news/AAFN,"The IPO period for chain snack retailer BUSYMING (01768.HK) concluded at noon today (23rd). BUSYMING's IPO received a margin of nearly $509.9 billion from various brokers, representing an oversubscription of 1,527.2 times based on the public offering portion raising approx. $334 million, according to consolidated market data..."
"January 23, 2026",'Four Dragons of Domestic GPU' Enflame CN STAR Mkt IPO Accepted w/ Plans to Raise ~RMB6B,https://www.aastocks.com/en/stocks/news/aafn-con/NOW.1498173/ipo-news/AAFN,"Enflame, one of the 'Four Dragons of Domestic GPU', had its STAR market IPO accepted, according to information from the Shanghai Stock Exchange (SSE). Enflame planned to raise approx. RMB6 billion to invest in R&D and industrialization projects for its fifth-generation AI chip series products and sixth-generation AI ..."
"January 27, 2026",Sunny Smart Autotech Being Spun Off from SUNNY OPTICAL for HK Listing; 1-3Q25 NP Rockets 6.3%,https://www.aastocks.com/en/stocks/news/aafn-con/NOW.1498902/ipo-news/AAFN,"SUNNY OPTICAL (02382.HK) is spinning off its automotive-related optical business, Sunny Smart Autotech, for a listing in Hong Kong. It has already submitted a listing application to the Hong Kong Stock Exchange, with CICC and CITIC Securities acting as joint sponsors.According to the preliminary prospectus, Sunny Smart Autotech ..."
"January 27, 2026","GON TECHNOLOGY  Begins IPO Today with Entry Fee of HKD8,484.7",https://www.aastocks.com/en/stocks/news/aafn-con/NOW.1498859/ipo-news/AAFN,"GON TECHNOLOGY (02768.HK), a supplier of new chemical materials and upstream and downstream products of gelatin and collagen, announced its plan to list in Hong Kong. The company will globally offer 30 million H-shares, with approximately 10% for the Hong Kong public offering and about 90% for international placement. The offer ..."
"January 26, 2026",AI Chipmaker Axera Clears HK Listing Hearing; USD400M IPO Reportedly Available for Investor Subscription as Early as Next Wk,https://www.aastocks.com/en/stocks/news/aafn-con/NOW.1498657/ipo-news/AAFN,"Axera, a Zhejiang-based AI chipmaker backed by TENCENT (00700.HK), recently passed the Hong Kong Stock Exchange's Main Board listing hearing.As a supplier of AI inference SoCs, Axera specializes in creating high-performance perception and computing platforms for edge computing and terminal device AI applications.Axera is cur..."
"January 26, 2026","EASTROC  Begins IPO Today with Entry Fee HKD25,000+; Tencent, Qatar Sovereign Fund, Temasek as Cornerstone Investors",https://www.aastocks.com/en/stocks/news/aafn-con/NOW.1498538/ipo-news/AAFN,"The Mainland Chinese energy drink brand EASTROC (09980.HK), listed on the A-shares market, kicks off its IPO today (26th) until the 29th. The H-share offering comprises approximately 40.89 million shares, with 10% for public offering. The maximum offer price is HKD248 per share, with the total fundraising amounting to approximat..."
"January 28, 2026",BUSYMING Opens Up 88.1% to $445 on Debut,https://www.aastocks.com/en/stocks/news/aafn-con/NOW.1499213/ipo-news/AAFN,"BUSYMING(01768.HK) closed at $408 on gray market yesterday, up 72.4% from the listing price of $236.6. On debut today, the stock opened at $445, up 88.1% from the listing price of $236.6, 3.46 million shares traded at market open."
"January 27, 2026",Busy Ming Closes Up 72.4% to $408 on Gray Mkt,https://www.aastocks.com/en/stocks/news/aafn-con/NOW.1499088/ipo-news/AAFN,"Busy Ming(01768.HK), which will be listed tomorrow, opened up 52.2% to $360 on gray market. Peaking/ bottoming at $458/360, it closed at $408, up 72.4% or $171.40 from the listing price, on volume of 1.52 million shares and turnover of $660 million, according to PhillipMart data. Excluding handling fee, the book gain was $17,140..."
"January 27, 2026",WOER HEAT-SHRINKABLE MATERIAL  Passes HKEX Listing Hearing,https://www.aastocks.com/en/stocks/news/aafn-con/NOW.1499084/ipo-news/AAFN,"WOER HEAT-SHRINKABLE MATERIAL (002130.SZ) uploaded its listing hearing documents on the HKEX website, indicating a potential IPO launch in the near term. China Securities International and China Merchants Securities International are the joint sponsors.~AASTOCKS Financial NewsWebsite: www.aastocks.com"
"January 27, 2026",EASTROC 's Int'l Placement Reportedly Oversubscribed Mainly by Long-term/ Hedge Funds,https://www.aastocks.com/en/stocks/news/aafn-con/NOW.1499053/ipo-news/AAFN,"The international placement portion of EASTROC (09980.HK)'s Hong Kong listing has been fully subscribed, with oversubscription ranging from 5 to 9 times, Bloomberg reported, citing sources.The subscriptions mainly came from global and Chinese long investors and hedge funds.EASTROC's IPO runs from January 26 to 29, planni..."
"January 27, 2026",Busy Ming Opens Up 49.2% to $353 on Gray Mkt,https://www.aastocks.com/en/stocks/news/aafn-con/NOW.1499033/ipo-news/AAFN,"Busy Ming(01768.HK), which will be listed tomorrow, opened up 49.2% to $353 on gray market, and last printed at $430.2, up 81.8% from the listing price , on volume of 582,700 shares and turnover of $245.77 million, according to Futu data.Busy Ming(01768.HK), which will be listed tomorrow, opened up 52.2% to $360 on gray market, ..."
"January 27, 2026","Intellectual Property Data Provider Patsnap Considering Dual Listing in HK, Singapore",https://www.aastocks.com/en/stocks/news/aafn-con/NOW.1499017/ipo-news/AAFN,[No content]
"January 27, 2026",JD Property Reapplies for HK Listing,https://www.aastocks.com/en/stocks/news/aafn-con/NOW.1498945/ipo-news/AAFN,[No content]
"January 27, 2026",Sunny Smart Autotech Being Spun Off from SUNNY OPTICAL for HK Listing; 1-3Q25 NP Rockets 6.3%,https://www.aastocks.com/en/stocks/news/aafn-con/NOW.1498902/ipo-news/AAFN,[No content]
"January 27, 2026","GON TECHNOLOGY  Begins IPO Today with Entry Fee of HKD8,484.7",https://www.aastocks.com/en/stocks/news/aafn-con/NOW.1498859/ipo-news/AAFN,[No content]
"January 29, 2026","Kunlun New Energy, World's 3rd Largest Electrolyte Supplier by Shipment Vol, Applies for HK Listing",https://www.aastocks.com/en/stocks/news/aafn-con/NOW.1499548/ipo-news/AAFN,"Kunlun New Energy has submitted an application for a Main Board listing on the Hong Kong Stock Exchange, with joint sponsors being China Securities International and Ping An Securities (HK).Established in 2004, Kunlun New Energy is one of China's earliest technology enterprises to develop and produce lithium-ion power batter..."
"January 29, 2026",CN Chip Firm Kuxin Microelectronics Applies for HK Listing w/ Sole Sponsor Being Huatai International,https://www.aastocks.com/en/stocks/news/aafn-con/NOW.1499549/ipo-news/AAFN,"Chinese AI SoC supplier, Kuxin Microelectronics, submitted an application for listing on the Main Board of the Hong Kong Stock Exchange, with Huatai International being its sole sponsor. The Company operates under a fabless business model, focusing on the research and development, design and sales of AI SoC products and solution..."
"January 29, 2026","Tongbo Technology Applies for HK Listing, Having Introduced BYD as Investor",https://www.aastocks.com/en/stocks/news/aafn-con/NOW.1499553/ipo-news/AAFN,"Mainland Chinese electrolytic copper foil solution provider Tongbo Technology submitted a listing application to the Hong Kong Stock Exchange. Preliminary prospectus data showed that the company focuses on the design, R&D, production, and sales of high-performance electrolytic copper foil. The lithium battery copper foil pro..."
"January 29, 2026","HANS CNC  IPO Starts Tdy w/ Entry Fee ~$9,677",https://www.aastocks.com/en/stocks/news/aafn-con/NOW.1499513/ipo-news/AAFN,"HANS CNC (03200.HK), a manufacturer of specialized PCB equipment, is open for public subscription from today until 3 February. The Company plans to offer approx. 50.45 million H-shares, with 10% for the Hong Kong public offering. The maximum offer price is $95.8 per share, aiming to raise up to approx. $4.83 billion. The entry f..."
"January 29, 2026","MUYUAN  Launches IPO Today with Entry Fee of $3,939.34, Raising Up to $10.68B",https://www.aastocks.com/en/stocks/news/aafn-con/NOW.1499509/ipo-news/AAFN,"The Chinese pig farming giant MUYUAN (02714.HK), already listed on the A-shares market, kicked off its IPO today (January 29) until February 3, planning to issue nearly 274 million H-shares, with 10% offered publicly in Hong Kong. The maximum offer price is HKD39, and the company aims to raise up to HKD10.68 billion. The entry f..."
"January 28, 2026",BUSYMING Closes Up 69.1% to $400,https://www.aastocks.com/en/stocks/news/aafn-con/NOW.1499377/ipo-news/AAFN,[No content]
"January 28, 2026",BUSYMING Opens Up 88.1% to $445 on Debut,https://www.aastocks.com/en/stocks/news/aafn-con/NOW.1499213/ipo-news/AAFN,[No content]
"January 29, 2026","Kunlun New Energy, World's 3rd Largest Electrolyte Supplier by Shipment Vol, Applies for HK Listing",https://www.aastocks.com/en/stocks/news/aafn-con/NOW.1499548/ipo-news/AAFN,"Kunlun New Energy has submitted an application for a Main Board listing on the Hong Kong Stock Exchange, with joint sponsors being China Securities International and Ping An Securities (HK).Established in 2004, Kunlun New Energy is one of China's earliest technology enterprises to develop and produce lithium-ion power batter..."
"January 29, 2026",CN Chip Firm Kuxin Microelectronics Applies for HK Listing w/ Sole Sponsor Being Huatai International,https://www.aastocks.com/en/stocks/news/aafn-con/NOW.1499549/ipo-news/AAFN,"Chinese AI SoC supplier, Kuxin Microelectronics, submitted an application for listing on the Main Board of the Hong Kong Stock Exchange, with Huatai International being its sole sponsor. The Company operates under a fabless business model, focusing on the research and development, design and sales of AI SoC products and solution..."
"January 29, 2026","Tongbo Technology Applies for HK Listing, Having Introduced BYD as Investor",https://www.aastocks.com/en/stocks/news/aafn-con/NOW.1499553/ipo-news/AAFN,"Mainland Chinese electrolytic copper foil solution provider Tongbo Technology submitted a listing application to the Hong Kong Stock Exchange. Preliminary prospectus data showed that the company focuses on the design, R&D, production, and sales of high-performance electrolytic copper foil. The lithium battery copper foil pro..."
"January 29, 2026","HANS CNC  IPO Starts Tdy w/ Entry Fee ~$9,677",https://www.aastocks.com/en/stocks/news/aafn-con/NOW.1499513/ipo-news/AAFN,"HANS CNC (03200.HK), a manufacturer of specialized PCB equipment, is open for public subscription from today until 3 February. The Company plans to offer approx. 50.45 million H-shares, with 10% for the Hong Kong public offering. The maximum offer price is $95.8 per share, aiming to raise up to approx. $4.83 billion. The entry f..."
"January 29, 2026","MUYUAN  Launches IPO Today with Entry Fee of $3,939.34, Raising Up to $10.68B",https://www.aastocks.com/en/stocks/news/aafn-con/NOW.1499509/ipo-news/AAFN,"The Chinese pig farming giant MUYUAN (02714.HK), already listed on the A-shares market, kicked off its IPO today (January 29) until February 3, planning to issue nearly 274 million H-shares, with 10% offered publicly in Hong Kong. The maximum offer price is HKD39, and the company aims to raise up to HKD10.68 billion. The entry f..."
"February 2, 2026","Fishing Gear Maker RIDGE OUTDOOR (02720.HK) IPO Launched with Entry Fee HKD6,187",https://www.aastocks.com/en/stocks/news/aafn-con/NOW.1500373/ipo-news/AAFN,"RIDGE OUTDOOR (02720.HK), the world's largest fishing gear maker, kicked off its IPO last Saturday (January 31). It will last until February 5, during which the company plans to offer 28.205 million shares globally, with 10% allocated for the Hong Kong public offering.With an offer price of HKD11.25-12.25 per share, the IPO ..."
"January 30, 2026",EAGLERISE  Files Application for H-Share Listing,https://www.aastocks.com/en/stocks/news/aafn-con/NOW.1500074/ipo-news/AAFN,"EAGLERISE (002922.SZ), engaged in the manufacturing of electrical machinery and equipment, announced that the company had submitted an application for the IPO of H-shares and listing on the Main Board to the Hong Kong Stock Exchange on Thursday (29th). ~AASTOCKS Financial NewsWebsite: www.aastocks.com"
"January 30, 2026","AXERA  Begins IPO Today with Entry Fee of HKD2,848.44",https://www.aastocks.com/en/stocks/news/aafn-con/NOW.1499947/ipo-news/AAFN,"AI inference SoC supplier AXERA (00600.HK) begins its IPO today (January 30), closing it at noon next Thursday (February 5), with an expected listing date of February 10. The company plans to issue 105 million H shares, with 10% offered publicly in Hong Kong and 90% for international placing, at an offer price of HKD28.2 per sha..."
"February 3, 2026",EASTROC Closes Flat at $248 at Midday,https://www.aastocks.com/en/stocks/news/aafn-con/NOW.1500697/ipo-news/AAFN,"On debut today, EASTROC(09980.HK) opened at $248. Peaking/ bottoming at $249.8/245.6, the stock closed midday at $248, on volume of 3.88 million shares and turnover of $964.78 million."
"February 3, 2026",EASTROC Opens Flat at $248 on Debut,https://www.aastocks.com/en/stocks/news/aafn-con/NOW.1500635/ipo-news/AAFN,"EASTROC(09980.HK) opened at $248 on debut today, 2.03 million shares traded at market open."
"February 3, 2026","WUXI LEAD  IPO Starts Tdy to Raise Max. HKD4.29B; 1-lot Entry Fee HKD4,626.2",https://www.aastocks.com/en/stocks/news/aafn-con/NOW.1500631/ipo-news/AAFN,"WUXI LEAD (00470.HK), a Chinese intelligent equipment company, has kicked off its IPO, which will last from today (3rd) to February 6.The company plans to issue 93.616 million H-shares, with 10% for the Hong Kong public offering. With a maximum offer price at HKD45.8, the IPO aims to raise up to nearly HKD4.29 billion. The entry..."
"February 3, 2026","EASTROC Public Offering 56.46x Oversubscribed; 6,000 Shr Subscription Guarantees 1 Lot",https://www.aastocks.com/en/stocks/news/aafn-con/NOW.1500565/ipo-news/AAFN,"EASTROC (09980.HK) has announced its IPO results. The Hong Kong public offering was subscribed by 57.46 times, with a one-lot (100 shares) success rate of 15%. The subscription of 6,000 shares guaranteed a lot. The international offering was subscribed by 15.6 times.The final offer price reached HKD248, raising net proceeds of H..."
"February 2, 2026",Eastroc Beverage Closes Up 0.8% to $250 on Gray Mkt,https://www.aastocks.com/en/stocks/news/aafn-con/NOW.1500532/ipo-news/AAFN,"Eastroc Beverage(09980.HK), which will be listed tomorrow, opened up 3.5% to $256.6 on gray market. Peaking/ bottoming at $261/242.2, it closed at $250, up 0.8% or $2.00 from the listing price, on volume of 814,000 shares and turnover of $203 million, according to PhillipMart data. Excluding handling fee, the book gain was $200 ..."
"February 2, 2026",Eastroc Beverage Opens Up 3.5% to $256.6 on Gray Mkt,https://www.aastocks.com/en/stocks/news/aafn-con/NOW.1500483/ipo-news/AAFN,[No content]
"February 2, 2026","Fishing Gear Maker RIDGE OUTDOOR (02720.HK) IPO Launched with Entry Fee HKD6,187",https://www.aastocks.com/en/stocks/news/aafn-con/NOW.1500373/ipo-news/AAFN,[No content]
"February 4, 2026",GON TECHNOLOGY Closes Up 16.1% to $41.78 at Midday,https://www.aastocks.com/en/stocks/news/aafn-con/NOW.1500998/ipo-news/AAFN,"On debut today, GON TECHNOLOGY(02768.HK) opened at $45, up 25% from the listing price of $36. Peaking/ bottoming at $50.8/40.18, the stock closed midday at $41.78, up 16.1% from the listing price of $36, on volume of 19.41 million shares and turnover of $894.1 million."
"February 4, 2026",GON TECHNOLOGY Opens Up 25% to $45 on Debut,https://www.aastocks.com/en/stocks/news/aafn-con/NOW.1500926/ipo-news/AAFN,"GON TECHNOLOGY(02768.HK) closed at $47.2 on gray market yesterday, up 31.1% from the listing price of $36. On debut today, the stock opened at $45, up 25% from the listing price of $36, 7.56 million shares traded at market open."
"February 4, 2026","GON TECHNOLOGY Public Offering ~2,251x Oversubscribed; 1-lot Success Rate 2%",https://www.aastocks.com/en/stocks/news/aafn-con/NOW.1500846/ipo-news/AAFN,"GON TECHNOLOGY(02768.HK) announced its IPO results. The Hong Kong public offering was subscribed by 2,251.85 times, with an one-lot (200 shares) success rate of 2%. The subscription of 1.1 million shares guaranteed a lot. The international offering was subscribed by 10.03 times. The final offer price is set at $36, near the lowe..."
"February 3, 2026",Gon Technology Closes Up 31.1% to $47.2 on Gray Mkt,https://www.aastocks.com/en/stocks/news/aafn-con/NOW.1500802/ipo-news/AAFN,"Gon Technology(02768.HK), which will be listed tomorrow, opened up 25.1% to $45.02 on gray market. Peaking/ bottoming at $53/44.9, it closed at $47.2, up 31.1% or $11.20 from the listing price, on volume of 2.46 million shares and turnover of $114 million, according to PhillipMart data. Excluding handling fee, the book gain was ..."
"February 3, 2026",Gon Technology Opens Up 25.1% to $45.02 on Gray Mkt,https://www.aastocks.com/en/stocks/news/aafn-con/NOW.1500765/ipo-news/AAFN,"Gon Technology(02768.HK), which will be listed tomorrow, opened up 25.1% to $45.02 on gray market, and last printed at $45.78, up 27.2% from the listing price , on volume of 1.41 million shares and turnover of $64.9 million, according to PhillipMart data.Gon Technology(02768.HK), which will be listed tomorrow, opened up 25% to $..."
"February 3, 2026",EASTROC Closes Up 1.5% to $251.8,https://www.aastocks.com/en/stocks/news/aafn-con/NOW.1500761/ipo-news/AAFN,[No content]
"February 3, 2026",MONTAGE TECH Plans to Price Shrs at Upper Limit of Offer Price Range to Raise $7B,https://www.aastocks.com/en/stocks/news/aafn-con/NOW.1500734/ipo-news/AAFN,[No content]
"February 3, 2026",EASTROC Closes Flat at $248 at Midday,https://www.aastocks.com/en/stocks/news/aafn-con/NOW.1500697/ipo-news/AAFN,[No content]
"February 3, 2026",EASTROC Opens Flat at $248 on Debut,https://www.aastocks.com/en/stocks/news/aafn-con/NOW.1500635/ipo-news/AAFN,[No content]
"February 3, 2026","WUXI LEAD  IPO Starts Tdy to Raise Max. HKD4.29B; 1-lot Entry Fee HKD4,626.2",https://www.aastocks.com/en/stocks/news/aafn-con/NOW.1500631/ipo-news/AAFN,[No content]
"February 3, 2026","EASTROC Public Offering 56.46x Oversubscribed; 6,000 Shr Subscription Guarantees 1 Lot",https://www.aastocks.com/en/stocks/news/aafn-con/NOW.1500565/ipo-news/AAFN,[No content]
"February 5, 2026","Communication Cable Maker WOER's Max. HKD2.81B IPO Begins; Entry Fee HKD4,058.53",https://www.aastocks.com/en/stocks/news/aafn-con/NOW.1501249/ipo-news/AAFN,"WOER (09981.HK), a manufacturer of heat shrink materials and communication cables, is launching its IPO from today (5th) until next Tuesday (10th).The company plans to issue nearly 140 million H-shares, with 10% for public offering. With a maximum offer price of HKD20.09, it aims to raise up to HKD2.81 billion. The entry fee for..."
"February 5, 2026","AI Firm HAIZHI TECH GP IPO Begins Tdy With 1-lot Entry Fee ~HKD5,657",https://www.aastocks.com/en/stocks/news/aafn-con/NOW.1501234/ipo-news/AAFN,"HAIZHI TECH GP (02706.HK) has kicked off its IPO. Running from today until next Tuesday (10th), this IPO has an offer price set at HKD25.6-28 per share and plans to issue 28.03 million H-shares, with 10% for the public offering.Based on the maximum offer price of HKD28, HAIZHI TECH GP aims to raise up to around HKD785 million. T..."
"February 4, 2026","HANS CNC Priced at $95.8 Per Shr, Set to List This Fri",https://www.aastocks.com/en/stocks/news/aafn-con/NOW.1501102/ipo-news/AAFN,"HANS CNC (03200.HK) announced the determination of the offer price at $95.8 per share.The Company planned to offer approx. 50.45 million H-shares, with 10% for the Hong Kong public offering, aiming to raise up to approx. $4.83 billion. The stock is expected to be listed on 6 February.~AASTOCKS Financial NewsWebsite: www.aastocks..."
"February 4, 2026","MUYUAN , Priced at HKD39, Listing This Fri: Report",https://www.aastocks.com/en/stocks/news/aafn-con/NOW.1501100/ipo-news/AAFN,"MUYUAN (02714.HK), priced at HKD39, is planning to issue nearly 274 million H shares, with 10% allocated to the Hong Kong public offering, raising up to HKD10.68 billion, according to Bloomberg, citing transaction documents. The trading in the company's shares are expected to commence on February 6. Morgan Stanley, CITIC Sec..."
"February 4, 2026",GON TECHNOLOGY Closes Up 11.6% to $40.16,https://www.aastocks.com/en/stocks/news/aafn-con/NOW.1501070/ipo-news/AAFN,"On debut today, GON TECHNOLOGY(02768.HK) opened at $45, up 25% from the listing price of $36. Peaking/ bottoming at $50.8/39.8, the stock closed at $40.16, up 11.6% from the listing price of $36, on volume of 25.41 million shares and turnover of $1.14 billion. Excluding handling fee, the book gain was $832 per board lot size of ..."
"February 4, 2026",GON TECHNOLOGY Closes Up 16.1% to $41.78 at Midday,https://www.aastocks.com/en/stocks/news/aafn-con/NOW.1500998/ipo-news/AAFN,[No content]
"February 4, 2026",GON TECHNOLOGY Opens Up 25% to $45 on Debut,https://www.aastocks.com/en/stocks/news/aafn-con/NOW.1500926/ipo-news/AAFN,[No content]
"February 4, 2026","GON TECHNOLOGY Public Offering ~2,251x Oversubscribed; 1-lot Success Rate 2%",https://www.aastocks.com/en/stocks/news/aafn-con/NOW.1500846/ipo-news/AAFN,[No content]
"February 6, 2026",HANS CNC Closes Up 18% to $113 at Midday,https://www.aastocks.com/en/stocks/news/aafn-con/NOW.1501626/ipo-news/AAFN,"On debut today, HANS CNC(03200.HK) opened at $106, up 10.6% from the listing price of $95.8. Peaking/ bottoming at $116/105.1, the stock closed midday at $113, up 18% from the listing price of $95.8, on volume of 10.01 million shares and turnover of $1.11 billion."
"February 6, 2026",MUYUAN Closes Up 4.7% to $40.84 at Midday,https://www.aastocks.com/en/stocks/news/aafn-con/NOW.1501625/ipo-news/AAFN,"On debut today, MUYUAN(02714.HK) opened at $39. Peaking/ bottoming at $40.98/38.98, the stock closed midday at $40.84, up 4.7% from the listing price of $39, on volume of 25.55 million shares and turnover of $1.01 billion."
"February 6, 2026",DISTINCT HEALTH Closes Up 34.9% to $80.8 at Midday,https://www.aastocks.com/en/stocks/news/aafn-con/NOW.1501624/ipo-news/AAFN,"On debut today, DISTINCT HEALTH(02677.HK) opened at $81, up 35.2% from the listing price of $59.9. Peaking/ bottoming at $90.85/70.2, the stock closed midday at $80.8, up 34.9% from the listing price of $59.9, on volume of 1.81 million shares and turnover of $159.19 million."
"February 6, 2026",HANS CNC Opens Up 10.6% to $106 on Debut,https://www.aastocks.com/en/stocks/news/aafn-con/NOW.1501562/ipo-news/AAFN,"HANS CNC(03200.HK) opened at $106 on debut today, up 10.6% from the listing price of $95.8, 5.85 million shares traded at market open."
"February 6, 2026",MUYUAN Opens Flat at $39 on Debut,https://www.aastocks.com/en/stocks/news/aafn-con/NOW.1501561/ipo-news/AAFN,"MUYUAN(02714.HK) opened at $39 on debut today, 15.69 million shares traded at market open."
"February 6, 2026",DISTINCT HEALTH Opens Up 35.2% to $81 on Debut,https://www.aastocks.com/en/stocks/news/aafn-con/NOW.1501560/ipo-news/AAFN,[No content]
"February 6, 2026",MUYUAN Public Offering Subscribed by 5.88x; 1-lot Success Rate 100%,https://www.aastocks.com/en/stocks/news/aafn-con/NOW.1501505/ipo-news/AAFN,[No content]
"February 6, 2026",HANS CNC Public Offering 445x Oversubscribed; Subscription of 60K Shrs Guarantees 1 Lot,https://www.aastocks.com/en/stocks/news/aafn-con/NOW.1501501/ipo-news/AAFN,[No content]
"February 5, 2026",Han's CNC Closes Up 23.4% to $118.2 on Gray Mkt,https://www.aastocks.com/en/stocks/news/aafn-con/NOW.1501457/ipo-news/AAFN,[No content]
"February 5, 2026",Muyuan Foods Closes Up 5.1% to $41 on Gray Mkt,https://www.aastocks.com/en/stocks/news/aafn-con/NOW.1501456/ipo-news/AAFN,[No content]
"February 5, 2026",Distinct Healthcare Closes Up 48.2% to $88.8 on Gray Mkt,https://www.aastocks.com/en/stocks/news/aafn-con/NOW.1501455/ipo-news/AAFN,[No content]
"February 5, 2026","Sinochem's Syngenta Reportedly Tapping I-Banks for Potential HK IPO This Yr, Mulling Raising Up to USD10B",https://www.aastocks.com/en/stocks/news/aafn-con/NOW.1501453/ipo-news/AAFN,[No content]
"February 5, 2026",Han's CNC Opens Up 9.9% to $105.3 on Gray Mkt,https://www.aastocks.com/en/stocks/news/aafn-con/NOW.1501387/ipo-news/AAFN,[No content]
"February 5, 2026",Muyuan Foods Opens Up 2.3% to $39.9 on Gray Mkt,https://www.aastocks.com/en/stocks/news/aafn-con/NOW.1501386/ipo-news/AAFN,[No content]
"February 5, 2026",Distinct Healthcare Opens Up 33.6% to $80 on Gray Mkt,https://www.aastocks.com/en/stocks/news/aafn-con/NOW.1501385/ipo-news/AAFN,[No content]
"February 5, 2026","Communication Cable Maker WOER's Max. HKD2.81B IPO Begins; Entry Fee HKD4,058.53",https://www.aastocks.com/en/stocks/news/aafn-con/NOW.1501249/ipo-news/AAFN,[No content]
"February 5, 2026","AI Firm HAIZHI TECH GP IPO Begins Tdy With 1-lot Entry Fee ~HKD5,657",https://www.aastocks.com/en/stocks/news/aafn-con/NOW.1501234/ipo-news/AAFN,[No content]
"February 9, 2026",Ridge Outdoor Closes Up 99.8% to $24.48 on Gray Mkt,https://www.aastocks.com/en/stocks/news/aafn-con/NOW.1502095/ipo-news/AAFN,"Ridge Outdoor(02720.HK), which will be listed tomorrow, opened up 69% to $20.7 on gray market. Peaking/ bottoming at $26/17, it closed at $24.48, up 99.8% or $12.23 from the listing price, on volume of 2.74 million shares and turnover of $62.64 million, according to Futu data. Excluding handling fee, the book gain was $6,115 per..."
"February 9, 2026",Axera Closes Down 4.3% to $27 on Gray Mkt,https://www.aastocks.com/en/stocks/news/aafn-con/NOW.1502094/ipo-news/AAFN,"Axera(00600.HK), which will be listed tomorrow, opened flat at $28.2 on gray market, on volume of 2.61 million shares and turnover of $71.2 million, according to PhillipMart data. Excluding handling fee, the book loss was $120 per board lot size of 100 shares.Axera(00600.HK), which will be listed tomorrow, opened flat at $28.2 o..."
"February 9, 2026",Ridge Outdoor Opens Up 69% to $20.7 on Gray Mkt,https://www.aastocks.com/en/stocks/news/aafn-con/NOW.1502045/ipo-news/AAFN,"Ridge Outdoor(02720.HK), which will be listed tomorrow, opened up 69% to $20.7 on gray market, and last printed at $24.48, up 99.8% from the listing price , on volume of 1.89 million shares and turnover of $41.71 million, according to Futu data.Ridge Outdoor(02720.HK), which will be listed tomorrow, opened up 75.5% to $21.5 on g..."
"February 9, 2026",Axera Opens Flat at $28.2 on Gray Mkt,https://www.aastocks.com/en/stocks/news/aafn-con/NOW.1502044/ipo-news/AAFN,"Axera(00600.HK), which will be listed tomorrow, opened flat at $28.2 on gray market, on volume of 1.28 million shares and turnover of $36.92 million, according to Futu data.Axera(00600.HK), which will be listed tomorrow, opened flat at $28.2 on gray market, on volume of 1.06 million shares and turnover of $29.7 million, accordin..."
"February 9, 2026",MONTAGE TECH Closes Up 63.7% to $175,https://www.aastocks.com/en/stocks/news/aafn-con/NOW.1502038/ipo-news/AAFN,"On debut today, MONTAGE TECH(06809.HK) opened at $168, up 57.2% from the listing price of $106.89. Peaking/ bottoming at $176/156, the stock closed at $175, up 63.7% from the listing price of $106.89, on volume of 21.16 million shares and turnover of $3.39 billion. Excluding handling fee, the book gain was $6,811 per board lot s..."
"February 9, 2026",MONTAGE TECH Closes Up 50.2% to $160.5 at Midday,https://www.aastocks.com/en/stocks/news/aafn-con/NOW.1501974/ipo-news/AAFN,[No content]
"February 9, 2026",MONTAGE TECH Opens Up 57.2% to $168 on Debut,https://www.aastocks.com/en/stocks/news/aafn-con/NOW.1501906/ipo-news/AAFN,[No content]
"February 9, 2026",RED AVENUE NEW MATERIALS  Files for HK IPO,https://www.aastocks.com/en/stocks/news/aafn-con/NOW.1501882/ipo-news/AAFN,[No content]
"February 9, 2026","HUAQIN TECHNOLOGY's A-shrs Said to Launch HK IPO as Early as This Quarter, Raising US$600-800M",https://www.aastocks.com/en/stocks/news/aafn-con/NOW.1501881/ipo-news/AAFN,[No content]
"February 6, 2026",Montage Tech Closes Up 39.8% to $149.4 on Gray Mkt,https://www.aastocks.com/en/stocks/news/aafn-con/NOW.1501766/ipo-news/AAFN,[No content]
"February 6, 2026",'Thai Meituan' LINE MAN Wongnai Mulling HK or US IPO: Wire,https://www.aastocks.com/en/stocks/news/aafn-con/NOW.1501761/ipo-news/AAFN,[No content]
"February 6, 2026",Montage Tech Opens Up 26.3% to $135 on Gray Mkt,https://www.aastocks.com/en/stocks/news/aafn-con/NOW.1501706/ipo-news/AAFN,[No content]
"February 6, 2026",HANS CNC Closes Up 14.8% to $110,https://www.aastocks.com/en/stocks/news/aafn-con/NOW.1501701/ipo-news/AAFN,[No content]
"February 6, 2026",MUYUAN Closes Up 3.9% to $40.52,https://www.aastocks.com/en/stocks/news/aafn-con/NOW.1501700/ipo-news/AAFN,[No content]
"February 6, 2026",DISTINCT HEALTH Closes Up 13.4% to $67.9,https://www.aastocks.com/en/stocks/news/aafn-con/NOW.1501699/ipo-news/AAFN,[No content]
"February 6, 2026",HANS CNC Closes Up 18% to $113 at Midday,https://www.aastocks.com/en/stocks/news/aafn-con/NOW.1501626/ipo-news/AAFN,[No content]
"February 6, 2026",MUYUAN Closes Up 4.7% to $40.84 at Midday,https://www.aastocks.com/en/stocks/news/aafn-con/NOW.1501625/ipo-news/AAFN,[No content]
"February 6, 2026",DISTINCT HEALTH Closes Up 34.9% to $80.8 at Midday,https://www.aastocks.com/en/stocks/news/aafn-con/NOW.1501624/ipo-news/AAFN,[No content]
"February 6, 2026",HANS CNC Opens Up 10.6% to $106 on Debut,https://www.aastocks.com/en/stocks/news/aafn-con/NOW.1501562/ipo-news/AAFN,[No content]
"February 6, 2026",MUYUAN Opens Flat at $39 on Debut,https://www.aastocks.com/en/stocks/news/aafn-con/NOW.1501561/ipo-news/AAFN,[No content]
"February 10, 2026",RIDGE OUTDOOR Opens Up 96.1% to $24.02 on Debut,https://www.aastocks.com/en/stocks/news/aafn-con/NOW.1502214/ipo-news/AAFN,"RIDGE OUTDOOR(02720.HK) opened at $24.02 on debut today, up 96.1% from the listing price of $12.25, 4.44 million shares traded at market open."
"February 10, 2026",AXERA Opens Flat at $28.2 on Debut,https://www.aastocks.com/en/stocks/news/aafn-con/NOW.1502213/ipo-news/AAFN,"AXERA(00600.HK) opened at $28.2 on debut today, 10.08 million shares traded at market open."
"February 9, 2026",Ridge Outdoor Closes Up 99.8% to $24.48 on Gray Mkt,https://www.aastocks.com/en/stocks/news/aafn-con/NOW.1502095/ipo-news/AAFN,"Ridge Outdoor(02720.HK), which will be listed tomorrow, opened up 69% to $20.7 on gray market. Peaking/ bottoming at $26/17, it closed at $24.48, up 99.8% or $12.23 from the listing price, on volume of 2.74 million shares and turnover of $62.64 million, according to Futu data. Excluding handling fee, the book gain was $6,115 per..."
"February 9, 2026",Axera Closes Down 4.3% to $27 on Gray Mkt,https://www.aastocks.com/en/stocks/news/aafn-con/NOW.1502094/ipo-news/AAFN,"Axera(00600.HK), which will be listed tomorrow, opened flat at $28.2 on gray market, on volume of 2.61 million shares and turnover of $71.2 million, according to PhillipMart data. Excluding handling fee, the book loss was $120 per board lot size of 100 shares.Axera(00600.HK), which will be listed tomorrow, opened flat at $28.2 o..."
"February 9, 2026",Ridge Outdoor Opens Up 69% to $20.7 on Gray Mkt,https://www.aastocks.com/en/stocks/news/aafn-con/NOW.1502045/ipo-news/AAFN,"Ridge Outdoor(02720.HK), which will be listed tomorrow, opened up 69% to $20.7 on gray market, and last printed at $24.48, up 99.8% from the listing price , on volume of 1.89 million shares and turnover of $41.71 million, according to Futu data.Ridge Outdoor(02720.HK), which will be listed tomorrow, opened up 75.5% to $21.5 on g..."
"February 9, 2026",Axera Opens Flat at $28.2 on Gray Mkt,https://www.aastocks.com/en/stocks/news/aafn-con/NOW.1502044/ipo-news/AAFN,[No content]
"February 9, 2026",MONTAGE TECH Closes Up 63.7% to $175,https://www.aastocks.com/en/stocks/news/aafn-con/NOW.1502038/ipo-news/AAFN,[No content]
"February 9, 2026",MONTAGE TECH Closes Up 50.2% to $160.5 at Midday,https://www.aastocks.com/en/stocks/news/aafn-con/NOW.1501974/ipo-news/AAFN,[No content]
"February 9, 2026",MONTAGE TECH Opens Up 57.2% to $168 on Debut,https://www.aastocks.com/en/stocks/news/aafn-con/NOW.1501906/ipo-news/AAFN,[No content]
"February 9, 2026",RED AVENUE NEW MATERIALS  Files for HK IPO,https://www.aastocks.com/en/stocks/news/aafn-con/NOW.1501882/ipo-news/AAFN,[No content]
"February 9, 2026","HUAQIN TECHNOLOGY's A-shrs Said to Launch HK IPO as Early as This Quarter, Raising US$600-800M",https://www.aastocks.com/en/stocks/news/aafn-con/NOW.1501881/ipo-news/AAFN,[No content]
"February 11, 2026",WUXI LEAD Opens Up 1% to $46.26 on Debut,https://www.aastocks.com/en/stocks/news/aafn-con/NOW.1502552/ipo-news/AAFN,"WUXI LEAD(00470.HK) closed at $46.66 on gray market yesterday, up 1.9% from the listing price of $45.8. On debut today, the stock opened at $46.26, up 1% from the listing price of $45.8, 6.99 million shares traded at market open."
"February 10, 2026",Wuxi Lead Closes Up 1.9% to $46.66 on Gray Mkt,https://www.aastocks.com/en/stocks/news/aafn-con/NOW.1502421/ipo-news/AAFN,"Wuxi Lead(00470.HK), which will be listed tomorrow, opened up 0.2% to $45.9 on gray market. Peaking/ bottoming at $48.62/45.9, it closed at $46.66, up 1.9% or $0.86 from the listing price, on volume of 2.43 million shares and turnover of $114 million, according to PhillipMart data. Excluding handling fee, the book gain was $86 p..."
"February 10, 2026",CN Apparel Brand ICICLE: No Comment on Rumors Saying Parent Co. Plans IPO in HK or Paris,https://www.aastocks.com/en/stocks/news/aafn-con/NOW.1502416/ipo-news/AAFN,"Recent market rumors suggest that ICCF Group, the parent company of Chinese high-end apparel brand ICICLE, is considering an IPO in Hong Kong or Paris. The company responded to media inquiries by saying 'no comment.'The ICCF Group planned to list in Hong Kong or Paris, aiming to expand its business to regions outside Chi..."
"February 10, 2026",Wuxi Lead Opens Up 0.4% to $46 on Gray Mkt,https://www.aastocks.com/en/stocks/news/aafn-con/NOW.1502369/ipo-news/AAFN,"Wuxi Lead(00470.HK), which will be listed tomorrow, opened up 0.4% to $46 on gray market, and last printed at $46.36, up 1.2% from the listing price , on volume of 1.4 million shares and turnover of $65.73 million, according to Futu data.Wuxi Lead(00470.HK), which will be listed tomorrow, opened up 0.2% to $45.9 on gray market, ..."
"February 10, 2026",RIDGE OUTDOOR Closes Up 102.3% to $24.78,https://www.aastocks.com/en/stocks/news/aafn-con/NOW.1502362/ipo-news/AAFN,"On debut today, RIDGE OUTDOOR(02720.HK) opened at $24.02, up 96.1% from the listing price of $12.25. Peaking/ bottoming at $29.4/21.5, the stock closed at $24.78, up 102.3% from the listing price of $12.25, on volume of 6.22 million shares and turnover of $147.95 million. Excluding handling fee, the book gain was $6,265 per boar..."
"February 10, 2026",AXERA Closes Flat at $28.2,https://www.aastocks.com/en/stocks/news/aafn-con/NOW.1502361/ipo-news/AAFN,[No content]
"February 10, 2026",RIDGE OUTDOOR Closes Up 121.9% to $27.18 at Midday,https://www.aastocks.com/en/stocks/news/aafn-con/NOW.1502289/ipo-news/AAFN,[No content]
"February 10, 2026",AXERA Closes Up 1% to $28.48 at Midday,https://www.aastocks.com/en/stocks/news/aafn-con/NOW.1502288/ipo-news/AAFN,[No content]
"February 10, 2026",WOER Reportedly Plans to Price at Offer Price's Upper Limit of HKD20.09; Margin Oversubscription 448x+,https://www.aastocks.com/en/stocks/news/aafn-con/NOW.1502268/ipo-news/AAFN,[No content]
"February 10, 2026",RIDGE OUTDOOR Opens Up 96.1% to $24.02 on Debut,https://www.aastocks.com/en/stocks/news/aafn-con/NOW.1502214/ipo-news/AAFN,[No content]
"February 10, 2026",AXERA Opens Flat at $28.2 on Debut,https://www.aastocks.com/en/stocks/news/aafn-con/NOW.1502213/ipo-news/AAFN,[No content]
"February 12, 2026",UNISPLENDOUR Terminates H-shr Issuance & HK IPO Plan,https://www.aastocks.com/en/stocks/news/aafn-con/NOW.1502816/ipo-news/AAFN,"UNISPLENDOUR (000938.SZ) announced the termination of the issuance of H-shares and the plan to list on the Main Board of HKEX (00388.HK), citing that this decision was made based on strategic development planning and the principle of safeguarding shareholder interests and responsibility.The company stressed that terminating the ..."
"February 11, 2026",WOER Priced at Offer Price's Upper Limit of $20.09 w/ Listing on Fri,https://www.aastocks.com/en/stocks/news/aafn-con/NOW.1502705/ipo-news/AAFN,"WOER (09981.HK)'s offer price was determined at the upper limit of $20.09. The Company is issuing nearly 140 million H-shares, with 10% for public offering, with an aim to raise up to $2.81 billion. The listing is scheduled for Friday (13th).~AASTOCKS Financial NewsWebsite: www.aastocks.com"
"February 11, 2026",WUXI LEAD Closes Flat at $45.8,https://www.aastocks.com/en/stocks/news/aafn-con/NOW.1502690/ipo-news/AAFN,"On debut today, WUXI LEAD(00470.HK) opened at $46.26, up 1% from the listing price of $45.8. Peaking/ bottoming at $46.54/45.04, the stock closed at $45.8, on volume of 26.37 million shares and turnover of $1.21 billion."
"February 11, 2026",WUXI LEAD Closes Up 0.4% to $46 at Midday,https://www.aastocks.com/en/stocks/news/aafn-con/NOW.1502626/ipo-news/AAFN,"On debut today, WUXI LEAD(00470.HK) opened at $46.26, up 1% from the listing price of $45.8. Peaking/ bottoming at $46.54/45.8, the stock closed midday at $46, up 0.4% from the listing price of $45.8, on volume of 18.03 million shares and turnover of $833.54 million."
"February 11, 2026",WUXI LEAD Opens Up 1% to $46.26 on Debut,https://www.aastocks.com/en/stocks/news/aafn-con/NOW.1502552/ipo-news/AAFN,"WUXI LEAD(00470.HK) closed at $46.66 on gray market yesterday, up 1.9% from the listing price of $45.8. On debut today, the stock opened at $46.26, up 1% from the listing price of $45.8, 6.99 million shares traded at market open."
"February 13, 2026",WOER Opens $1 Cent Higher at $20.1 on Debut,https://www.aastocks.com/en/stocks/news/aafn-con/NOW.1503177/ipo-news/AAFN,"WOER (09981.HK), a manufacturer of heat-shrinkable materials and telecoms cables, debuted this morning (13th). The stock opened $1 cent or 0.04% higher at $20.1, and peaked at $21.8 in the early session. It last printed at $21.2, 5.5% higher than the offer price of $20.09, with a trading volume of 16.5521 million shares, involvi..."
"February 13, 2026","HAIZHI TECH GP  Debuts at HKD82.3, 2.04x Above Listing Price",https://www.aastocks.com/en/stocks/news/aafn-con/NOW.1503175/ipo-news/AAFN,"HAIZHI TECH GP (02706.HK) made its debut this morning (13th), opening sharply higher by 2.04 times from its listing price, at HKD82.3, and reaching an early peak of HKD99.6. It last traded at HKD92, nearly 2.4 times higher than its listing price of HKD27.06, with a trading volume of 6.004 million shares and a turnover of HKD525 ..."
"February 13, 2026",WOER Public Offering Oversubscribed 568.58x; Subscription of 70K Shrs Guarantees 1 Lot,https://www.aastocks.com/en/stocks/news/aafn-con/NOW.1503096/ipo-news/AAFN,"WOER (09981.HK) has announced its IPO results. The Hong Kong public offering recorded a subscription of 569.58 times, with a one-lot (200 shares) success rate of 0.33%, and the subscription of 70,000 shares will guarantee a lot.The international offering was 8.19 times subscribed. The final offer price stood at the upper limit o..."
"February 12, 2026",Woer Heat-Shrinkable Closes Up 4.9% to $21.08 on Gray Mkt,https://www.aastocks.com/en/stocks/news/aafn-con/NOW.1503060/ipo-news/AAFN,"Woer Heat-Shrinkable(09981.HK), which will be listed on 13 February, opened up 9.5% to $22 on gray market. Peaking/ bottoming at $24/21.02, it closed at $21.08, up 4.9% or $0.99 from the listing price, on volume of 3.91 million shares and turnover of $84 million, according to Futu data. Excluding handling fee, the book gain was ..."
"February 12, 2026",Haizhi Tech Group Closes Up 210.4% to $84 on Gray Mkt,https://www.aastocks.com/en/stocks/news/aafn-con/NOW.1503059/ipo-news/AAFN,"Haizhi Tech Group(02706.HK), which will be listed on 13 February, opened up 62.6% to $44 on gray market. Peaking/ bottoming at $100/44, it closed at $84, up 210.4% or $56.94 from the listing price, on volume of 2.06 million shares and turnover of $177.16 million, according to Futu data. Excluding handling fee, the book gain was ..."
"February 12, 2026",Woer Heat-Shrinkable Opens Up 9.5% to $22 on Gray Mkt,https://www.aastocks.com/en/stocks/news/aafn-con/NOW.1503011/ipo-news/AAFN,[No content]
"February 12, 2026",Haizhi Tech Group Opens Up 62.6% to $44 on Gray Mkt,https://www.aastocks.com/en/stocks/news/aafn-con/NOW.1503010/ipo-news/AAFN,[No content]
"February 12, 2026",UNISPLENDOUR Terminates H-shr Issuance & HK IPO Plan,https://www.aastocks.com/en/stocks/news/aafn-con/NOW.1502816/ipo-news/AAFN,[No content]
"February 16, 2026",BIoT Solutions Company Sunmi Plans HK IPO; Shareholders Include Alibaba and Meituan,https://www.aastocks.com/en/stocks/news/aafn-con/NOW.1503532/ipo-news/AAFN,"Mainland Chinese Business Internet of Things (BIoT) solutions provider Shanghai Sunmi Technology cleared the listing hearing of the Hong Kong Stock Exchange. The company's BIoT solutions mainly include smart devices and the BIoTPaaS platform, according to the information. The company's shareholders include Ant Group unde..."
"February 16, 2026",BIDU-SW's Kunlunxin Said to Launch Roadshow After LNY,https://www.aastocks.com/en/stocks/news/aafn-con/NOW.1503450/ipo-news/AAFN,"BIDU-SW (09888.HK)'s subsidiary Kunlunxin is projected to launch an investor roadshow after the Lunar New Year (LNY), with priority given to Baidu's existing institutional shareholders, Sina reported, citing people with the knowledge of the matter. Earlier this year, Baidu announced that Kunlunxin had confidentially subm..."
"February 13, 2026",WOER Closes Up 2.9% to $20.68,https://www.aastocks.com/en/stocks/news/aafn-con/NOW.1503316/ipo-news/AAFN,"On debut today, WOER(09981.HK) opened at $20.1, up 0% from the listing price of $20.09. Peaking/ bottoming at $21.8/20.1, the stock closed at $20.68, up 2.9% from the listing price of $20.09, on volume of 31.94 million shares and turnover of $676.86 million. Excluding handling fee, the book gain was $118 per board lot size of 20..."
"February 13, 2026",HAIZHI TECH GP Closes Up 242.2% to $92.6,https://www.aastocks.com/en/stocks/news/aafn-con/NOW.1503315/ipo-news/AAFN,"On debut today, HAIZHI TECH GP(02706.HK) opened at $82.3, up 204.1% from the listing price of $27.06. Peaking/ bottoming at $99.6/82.3, the stock closed at $92.6, up 242.2% from the listing price of $27.06, on volume of 9.8 million shares and turnover of $863.44 million. Excluding handling fee, the book gain was $13,108 per boar..."
"February 13, 2026",HKEX Purportedly Mulls Allowing More Types of Firms to File IPO Applications Confidentially,https://www.aastocks.com/en/stocks/news/aafn-con/NOW.1503277/ipo-news/AAFN,"HKEX (00388.HK) is contemplating to allow more types of companies to submit IPO applications confidentially to fortify its leading position in the global IPO market, Bloomberg, citing people with the knowledge of the matter, reported.The proposal mentions expanding the scope of non-public submissions from the tech and biotech se..."
"February 13, 2026","Thailand's Minor International, Operator of Burger King, Reportedly Mulls USD400M+ HK IPO This Yr",https://www.aastocks.com/en/stocks/news/aafn-con/NOW.1503254/ipo-news/AAFN,[No content]
"February 13, 2026",WOER Opens $1 Cent Higher at $20.1 on Debut,https://www.aastocks.com/en/stocks/news/aafn-con/NOW.1503177/ipo-news/AAFN,[No content]
"February 13, 2026","HAIZHI TECH GP  Debuts at HKD82.3, 2.04x Above Listing Price",https://www.aastocks.com/en/stocks/news/aafn-con/NOW.1503175/ipo-news/AAFN,[No content]
"February 13, 2026",WOER Public Offering Oversubscribed 568.58x; Subscription of 70K Shrs Guarantees 1 Lot,https://www.aastocks.com/en/stocks/news/aafn-con/NOW.1503096/ipo-news/AAFN,[No content]
"February 20, 2026",HKEX Cautiously Optimistic About Mkt; Bonnie Chan: 10+ Int'l Firms Queuing for Listings,https://www.aastocks.com/en/stocks/news/aafn-con/NOW.1503866/ipo-news/AAFN,"On the first trading day of the Year of the Horse, HKEX (00388.HK)'s Chief Executive Officer, Bonnie Chan, said that Hong Kong stocks had had a good start. more than 20 new IPOs have been listed YTD, raising US$10 billion. The momentum in secondary offerings is also strong, with the amount raised YTD already exceeding one-th..."
"February 23, 2026",Christopher Hui: HK Sees ~20 Listings YTD; ~480 Firms Awaiting Listing,https://www.aastocks.com/en/stocks/news/aafn-con/NOW.1504069/ipo-news/AAFN,"Christopher Hui, Hong Kong's Secretary for Financial Services and the Treasury, revealed that around 480 companies, including 10 international firms, are currently awaiting listing in the Hong Kong market.Hong Kong has already seen around 20 listings YTD, and they raised a total of more than HKD80 billion, Hui said. He credi..."
"February 20, 2026",HKEX Cautiously Optimistic About Mkt; Bonnie Chan: 10+ Int'l Firms Queuing for Listings,https://www.aastocks.com/en/stocks/news/aafn-con/NOW.1503866/ipo-news/AAFN,"On the first trading day of the Year of the Horse, HKEX (00388.HK)'s Chief Executive Officer, Bonnie Chan, said that Hong Kong stocks had had a good start. more than 20 new IPOs have been listed YTD, raising US$10 billion. The momentum in secondary offerings is also strong, with the amount raised YTD already exceeding one-th..."
"February 24, 2026",CN Industrial Robot Firm Estun Passes H-Shr Listing Hearing,https://www.aastocks.com/en/stocks/news/aafn-con/NOW.1504299/ipo-news/AAFN,"Estun (002747.SZ), a leading industrial robot company in China, has passed the Main Board listing hearing of the Hong Kong Stock Exchange, with Huatai International as its sole sponsor.According to its prospectus, Estun is primarily engaged in the R&D, manufacturing, and sales of industrial robots, intelligent manufacturing ..."
"February 23, 2026",Christopher Hui: HK Sees ~20 Listings YTD; ~480 Firms Awaiting Listing,https://www.aastocks.com/en/stocks/news/aafn-con/NOW.1504069/ipo-news/AAFN,"Christopher Hui, Hong Kong's Secretary for Financial Services and the Treasury, revealed that around 480 companies, including 10 international firms, are currently awaiting listing in the Hong Kong market.Hong Kong has already seen around 20 listings YTD, and they raised a total of more than HKD80 billion, Hui said. He credi..."
"February 24, 2026",CN Industrial Robot Firm Estun Passes H-Shr Listing Hearing,https://www.aastocks.com/en/stocks/news/aafn-con/NOW.1504299/ipo-news/AAFN,"Estun (002747.SZ), a leading industrial robot company in China, has passed the Main Board listing hearing of the Hong Kong Stock Exchange, with Huatai International as its sole sponsor.According to its prospectus, Estun is primarily engaged in the R&D, manufacturing, and sales of industrial robots, intelligent manufacturing ..."
"February 26, 2026","TENCENT-backed 'AI 6 Tigers' StepFun Plans HK Listing, Aiming to Raise ~US$500M: Wire",https://www.aastocks.com/en/stocks/news/aafn-con/NOW.1505047/ipo-news/AAFN,"StepFun, one of China's 'AI Six Tigers', is considering a Hong Kong listing, aiming to raise approx. US$500 million, according to foreign media. Sources noted that the Company has already discussed with potential advisors and may list as early as this year.StepFun is backed by TENCENT (00700.HK), and announced in Jan..."
"February 27, 2026","ESTUN  Begins IPO Today with Entry Fee of $3,434.29",https://www.aastocks.com/en/stocks/news/aafn-con/NOW.1505321/ipo-news/AAFN,"ESTUN (02715.HK), a Chinese industrial robotics company, announced its plan to list in Hong Kong, aiming to globally offer 96.78 million shares, with 10% for public offering in Hong Kong and 90% for international placement. The IPO price ranges from HKD15.36 to HKD17 per share. The entry fee for one board lot (200 shares) is HKD..."
"February 27, 2026","ALSCO POOLING  Opens IPO Today w/ Entry Fee of $7,070.6",https://www.aastocks.com/en/stocks/news/aafn-con/NOW.1505316/ipo-news/AAFN,"A circular packaging service provider in Mainland China, ALSCO POOLING (02649.HK), announced its plan to list on the main board in Hong Kong, proposing to issue 20.336 million shares, with 10% for public offering. The IPO price is set between HKD11 and HKD14 per share. The entry fee for one board lot (500 shares) is approximatel..."
"February 27, 2026","CN Electromechanical Parts Provider ZHAOWEI  Begins IPO Tdy; Entry Fee $7,442.3",https://www.aastocks.com/en/stocks/news/aafn-con/NOW.1505305/ipo-news/AAFN,"ZHAOWEI (02692.HK), the No. 1 provider of integrated micro transmission and drive system products in China, announced its plan to list on the main board in Hong Kong, planning to offer 26.75 million shares, with 10% for public offering. The offer price is set at $73.68 per share, and the entry fee for a board lot of 100 shares i..."
"February 26, 2026",Bonnie Chan: HKEX Keeps Advancing Listing Reforms w/ 100+ Firms Queuing for Listing under Chapter 18A or 18C,https://www.aastocks.com/en/stocks/news/aafn-con/NOW.1505193/ipo-news/AAFN,"In the latest Budget, Financial Secretary Paul Chan mentioned that the authorities requested HKEX (00388.HK) to review relevant listing regulations to facilitate and attract more aerospace companies to list in Hong Kong. According to hearsay, HKEX will complete the review within the year and conduct market consultation.HKEX CEO ..."
"February 26, 2026","TENCENT-backed 'AI 6 Tigers' StepFun Plans HK Listing, Aiming to Raise ~US$500M: Wire",https://www.aastocks.com/en/stocks/news/aafn-con/NOW.1505047/ipo-news/AAFN,"StepFun, one of China's 'AI Six Tigers', is considering a Hong Kong listing, aiming to raise approx. US$500 million, according to foreign media. Sources noted that the Company has already discussed with potential advisors and may list as early as this year.StepFun is backed by TENCENT (00700.HK), and announced in Jan..."
"February 27, 2026","'Dongchedi' Explores HK IPO as Soon as This Yr, Aiming to Raise US$1-1.5B",https://www.aastocks.com/en/stocks/news/aafn-con/NOW.1505435/ipo-news/AAFN,"Chinese auto information and transaction platform, Dongchedi, is considering a Hong Kong IPO as early as this year, Bloomberg quoted sources as saying. The Company is seeking bank assistance for a potential listing. Two insiders stated the Company may raise between US$1 billion and US$1.5 billion. Discussions are ongoing, with t..."
"February 27, 2026","ESTUN  Begins IPO Today with Entry Fee of $3,434.29",https://www.aastocks.com/en/stocks/news/aafn-con/NOW.1505321/ipo-news/AAFN,"ESTUN (02715.HK), a Chinese industrial robotics company, announced its plan to list in Hong Kong, aiming to globally offer 96.78 million shares, with 10% for public offering in Hong Kong and 90% for international placement. The IPO price ranges from HKD15.36 to HKD17 per share. The entry fee for one board lot (200 shares) is HKD..."
"February 27, 2026","ALSCO POOLING  Opens IPO Today w/ Entry Fee of $7,070.6",https://www.aastocks.com/en/stocks/news/aafn-con/NOW.1505316/ipo-news/AAFN,"A circular packaging service provider in Mainland China, ALSCO POOLING (02649.HK), announced its plan to list on the main board in Hong Kong, proposing to issue 20.336 million shares, with 10% for public offering. The IPO price is set between HKD11 and HKD14 per share. The entry fee for one board lot (500 shares) is approximatel..."
"February 27, 2026","CN Electromechanical Parts Provider ZHAOWEI  Begins IPO Tdy; Entry Fee $7,442.3",https://www.aastocks.com/en/stocks/news/aafn-con/NOW.1505305/ipo-news/AAFN,"ZHAOWEI (02692.HK), the No. 1 provider of integrated micro transmission and drive system products in China, announced its plan to list on the main board in Hong Kong, planning to offer 26.75 million shares, with 10% for public offering. The offer price is set at $73.68 per share, and the entry fee for a board lot of 100 shares i..."
"March 3, 2026",CANMAX  Preparing for HK IPO,https://www.aastocks.com/en/stocks/news/aafn-con/NOW.1506063/ipo-news/AAFN,"CANMAX (300390.SZ) announced that it is planning to issue H-shares overseas and list on the Main Board of HKEX (00388.HK) through an IPO.This move aims to accelerate CANMAX's international strategic deployment, leverage the advantages of the international capital market, and build a diversified capital platform to enhance th..."
"March 4, 2026","FS.COM Passes HK Listing Hearing, Reportedly Aiming to Raise USD200-250M",https://www.aastocks.com/en/stocks/news/aafn-con/NOW.1506425/ipo-news/AAFN,"FS.COM, an online Direct-to-Consumer (DTC) network solution provider, has passed the Hong Kong listing hearing, with CICC, China Securities International, and CMSI as its joint sponsors.According to market sources, FS.COM aims to raise USD200-250 million in Hong Kong and is currently conducting a pre-roadshow.~AAStocks Financial..."
"March 3, 2026",CANMAX  Preparing for HK IPO,https://www.aastocks.com/en/stocks/news/aafn-con/NOW.1506063/ipo-news/AAFN,"CANMAX (300390.SZ) announced that it is planning to issue H-shares overseas and list on the Main Board of HKEX (00388.HK) through an IPO.This move aims to accelerate CANMAX's international strategic deployment, leverage the advantages of the international capital market, and build a diversified capital platform to enhance th..."
"March 4, 2026",CN Medical Device Stock Star Sports Medicine Resubmits Listing Application,https://www.aastocks.com/en/stocks/news/aafn-con/NOW.1506557/ipo-news/AAFN,"Chinese medical device company, Star Sports Medicine, submitted its listing application to the HKEX for the second time. According to the preliminary prospectus, the Company's joint sponsors are CITIC Securities and CCBI.Star Sports Medicine focuses on clinical solutions in sports medicine. Based on 2024 sales revenue, the C..."
"March 4, 2026","FS.COM Passes HK Listing Hearing, Reportedly Aiming to Raise USD200-250M",https://www.aastocks.com/en/stocks/news/aafn-con/NOW.1506425/ipo-news/AAFN,"FS.COM, an online Direct-to-Consumer (DTC) network solution provider, has passed the Hong Kong listing hearing, with CICC, China Securities International, and CMSI as its joint sponsors.According to market sources, FS.COM aims to raise USD200-250 million in Hong Kong and is currently conducting a pre-roadshow.~AAStocks Financial..."
"March 9, 2026",ESTUN Closes Down 13.9% to $13.22 at Midday,https://www.aastocks.com/en/stocks/news/aafn-con/NOW.1507559/ipo-news/AAFN,"On debut today, ESTUN(02715.HK) opened at $15.36. Peaking/ bottoming at $15.36/13.06, the stock closed midday at $13.22, down 13.9% from the listing price of $15.36, on volume of 13.77 million shares and turnover of $203.98 million."
"March 9, 2026",ZHAOWEI Closes Up 3.1% to $73.5 at Midday,https://www.aastocks.com/en/stocks/news/aafn-con/NOW.1507558/ipo-news/AAFN,"On debut today, ZHAOWEI(02692.HK) opened at $78, up 9.4% from the listing price of $71.28. Peaking/ bottoming at $79.8/71.6, the stock closed midday at $73.5, up 3.1% from the listing price of $71.28, on volume of 4.02 million shares and turnover of $319.52 million."
"March 9, 2026",ALSCO POOLING Closes Down 39.1% to $6.7 at Midday,https://www.aastocks.com/en/stocks/news/aafn-con/NOW.1507557/ipo-news/AAFN,"On debut today, ALSCO POOLING(02649.HK) opened at $7.5, down 31.8% from the listing price of $11. Peaking/ bottoming at $7.9/6, the stock closed midday at $6.7, down 39.1% from the listing price of $11, on volume of 16.28 million shares and turnover of $170.44 million."
"March 9, 2026",ESTUN Opens Flat at $15.36 on Debut,https://www.aastocks.com/en/stocks/news/aafn-con/NOW.1507477/ipo-news/AAFN,"ESTUN(02715.HK) closed at $14.1 on gray market yesterday, down 8.2% from the listing price of $15.36. On debut today, the stock opened at $15.36, 10.56 million shares traded at market open."
"March 9, 2026",ZHAOWEI Opens Up 9.4% to $78 on Debut,https://www.aastocks.com/en/stocks/news/aafn-con/NOW.1507476/ipo-news/AAFN,"ZHAOWEI(02692.HK) closed at $82.8 on gray market yesterday, up 16.2% from the listing price of $71.28. On debut today, the stock opened at $78, up 9.4% from the listing price of $71.28, 2.15 million shares traded at market open."
"March 9, 2026",ALSCO POOLING Opens Down 31.8% to $7.5 on Debut,https://www.aastocks.com/en/stocks/news/aafn-con/NOW.1507475/ipo-news/AAFN,[No content]
"March 6, 2026",Estun automation Closes Down 8.2% to $14.1 on Gray Mkt,https://www.aastocks.com/en/stocks/news/aafn-con/NOW.1507308/ipo-news/AAFN,[No content]
"March 6, 2026",Zhaowei Closes Up 16.2% to $82.8 on Gray Mkt,https://www.aastocks.com/en/stocks/news/aafn-con/NOW.1507307/ipo-news/AAFN,[No content]
"March 6, 2026",ALSCO Pooling Closes Down 0.9% to $10.9 on Gray Mkt,https://www.aastocks.com/en/stocks/news/aafn-con/NOW.1507306/ipo-news/AAFN,[No content]
"March 6, 2026",Estun automation Opens Up 65.1% to $25.36 on Gray Mkt,https://www.aastocks.com/en/stocks/news/aafn-con/NOW.1507245/ipo-news/AAFN,[No content]
"March 6, 2026",Zhaowei Opens Up 19.4% to $85.1 on Gray Mkt,https://www.aastocks.com/en/stocks/news/aafn-con/NOW.1507243/ipo-news/AAFN,[No content]
"March 6, 2026",ALSCO Pooling Opens Up 100% to $22 on Gray Mkt,https://www.aastocks.com/en/stocks/news/aafn-con/NOW.1507242/ipo-news/AAFN,[No content]
"March 10, 2026",MEIG Opens Up 0.6% to $29.04 on Debut,https://www.aastocks.com/en/stocks/news/aafn-con/NOW.1507805/ipo-news/AAFN,"MEIG(03268.HK) closed at $28.9 on gray market yesterday, up 0.1% from the listing price of $28.86. On debut today, the stock opened at $29.04, up 0.6% from the listing price of $28.86, 3.01 million shares traded at market open."
"March 10, 2026","MEIG Debuts Tdy, Immediately Included in Southbound Trading of Stock Connects",https://www.aastocks.com/en/stocks/news/aafn-con/NOW.1507804/ipo-news/AAFN,"The Shenzhen Stock Exchange (SZSE) announced that MEIG (03268.HK), which is debuting today on HKEX (00388.HK), was included in the securities list for southbound trading of Stock Connects, effective from today (10th).~AASTOCKS Financial NewsWebsite: www.aastocks.com"
"March 9, 2026",MeiG Smart Tech Closes Up 1.9% to $29.4 on Gray Mkt,https://www.aastocks.com/en/stocks/news/aafn-con/NOW.1507691/ipo-news/AAFN,"MeiG Smart Tech(03268.HK), which will be listed on 10 March, opened up 4% to $30 on gray market. Peaking/ bottoming at $30.8/28.7, it closed at $29.4, up 1.9% or $0.54 from the listing price, on volume of 930,600 shares and turnover of $27.28 million, according to Futu data. Excluding handling fee, the book gain was $54 per boar..."
"March 9, 2026",MeiG Smart Tech Opens Up 4% to $30 on Gray Mkt,https://www.aastocks.com/en/stocks/news/aafn-con/NOW.1507650/ipo-news/AAFN,"MeiG Smart Tech(03268.HK), which will be listed on 10 March, opened up 4% to $30 on gray market, and last printed at $29.2, up 1.2% from the listing price , on volume of 645,400 shares and turnover of $19 million, according to Futu data.MeiG Smart Tech(03268.HK), which will be listed on 10 March, opened up 2.2% to $29.5 on gray ..."
"March 9, 2026",ESTUN Closes Down 16% to $12.9,https://www.aastocks.com/en/stocks/news/aafn-con/NOW.1507641/ipo-news/AAFN,"On debut today, ESTUN(02715.HK) opened at $15.36. Peaking/ bottoming at $15.36/12.5, the stock closed at $12.9, down 16% from the listing price of $15.36, on volume of 20.58 million shares and turnover of $293.04 million. Excluding handling fee, the book loss was $492 per board lot size of 200 shares.~AAStocks Financial NewsWeb ..."
"March 9, 2026",ZHAOWEI Closes Up 2.4% to $73,https://www.aastocks.com/en/stocks/news/aafn-con/NOW.1507640/ipo-news/AAFN,[No content]
"March 9, 2026",ALSCO POOLING Closes Down 43.6% to $6.2,https://www.aastocks.com/en/stocks/news/aafn-con/NOW.1507639/ipo-news/AAFN,[No content]
"March 9, 2026","VICTORY GIANT TECHNOLOGY Reported to List in HK as Early as Apr, Raising US$2B+",https://www.aastocks.com/en/stocks/news/aafn-con/NOW.1507642/ipo-news/AAFN,[No content]
"March 9, 2026",AIER EYE  Mulling HK IPO: Wire,https://www.aastocks.com/en/stocks/news/aafn-con/NOW.1507627/ipo-news/AAFN,[No content]
"March 9, 2026",ESTUN Closes Down 13.9% to $13.22 at Midday,https://www.aastocks.com/en/stocks/news/aafn-con/NOW.1507559/ipo-news/AAFN,[No content]
"March 9, 2026",ZHAOWEI Closes Up 3.1% to $73.5 at Midday,https://www.aastocks.com/en/stocks/news/aafn-con/NOW.1507558/ipo-news/AAFN,[No content]
"March 9, 2026",ALSCO POOLING Closes Down 39.1% to $6.7 at Midday,https://www.aastocks.com/en/stocks/news/aafn-con/NOW.1507557/ipo-news/AAFN,[No content]
"March 9, 2026",ESTUN Opens Flat at $15.36 on Debut,https://www.aastocks.com/en/stocks/news/aafn-con/NOW.1507477/ipo-news/AAFN,[No content]
"March 9, 2026",ZHAOWEI Opens Up 9.4% to $78 on Debut,https://www.aastocks.com/en/stocks/news/aafn-con/NOW.1507476/ipo-news/AAFN,[No content]
"March 9, 2026",ALSCO POOLING Opens Down 31.8% to $7.5 on Debut,https://www.aastocks.com/en/stocks/news/aafn-con/NOW.1507475/ipo-news/AAFN,[No content]
