Date,Headline,Link,Summary
"February 2, 2026",巴士安全帶︱江玉歡否認審議「發雞盲」：立法原意最初只涵蓋新車 不解如何「技術上不足」,https://www.stheadline.com/society/3540956/每日雜誌人物誌日兼兩職守護兩代心血-豬農黃碩鋒盼三年內復業續章,"The article reports that Hong Kong pig farmer Huang Shufeng, who previously operated a pig farm in Yuen Long, is facing the end of his family’s farming business after land was reclaimed for development, following an outbreak of African swine fever that led to the culling of 1,500 pigs. Huang, who has been working two jobs to sustain his family, hopes to find suitable land within three years to restart his pig farming operation and fulfill his promise to his late father. The article highlights the challenges faced by traditional farmers amid urban development and disease outbreaks."
"February 2, 2026",《我要讚佢》千人同寫「福」字創世界紀錄 蔡加讚：讓讚美成習慣 在校園社區發放正能量,https://www.stheadline.com/society/3540034/我要讚佢千人同寫福字創世界紀錄-蔡加讚讓讚美成習慣-在校園社區發放正能量,"On February 1, 2026, over 1,140 students and community members in Hong Kong participated in a record-breaking event organized by the Sing Tao News Group, where they simultaneously wrote the Chinese character ""福"" (blessing) to promote a culture of praise and positive energy. The event, held at Hong Kong Baptist University Affiliated School, was witnessed by government officials and aimed to foster gratitude and kindness within schools and communities."
"February 2, 2026",星島申訴王 | 姜濤譚校長潮玩Pickleball    玩家呻場地不足    藝人投資匹克球場,https://www.stheadline.com/voice-topics/3513132/星島申訴王-姜濤譚校長潮玩Pickleball-玩家呻場地不足-藝人投資匹克球場,"Hong Kong's popularity of Pickleball is surging, with celebrities like姜濤 and譚詠麟 frequenting newly opened private courts. However, public facilities are insufficient, leading players to face difficulties in booking government venues, and some are resorting to private courts at higher costs or traveling to mainland China for play. The government reports a near doubling in indoor court rentals from January to August, highlighting the sport's growing demand."
"February 2, 2026",自修室突傳青草味 學生哥揭發大媽霸位咁樣搣蔥 網民拜服：虧佢諗到｜Juicy叮,https://www.stheadline.com/local-topics/3540979/自修室突傳青草味-學生哥揭發大媽霸位咁樣搣蔥-網民拜服虧佢諗到Juicy叮,"A student in Hong Kong posted a video revealing a woman occupying a study space and carefully tearing green onions, which emitted a grassy smell, in a public self-study room. The incident sparked humorous and serious reactions online, with some praising the student's quick thinking and others criticizing disruptive behavior in shared spaces. No IPO-related information is mentioned in the article."
"February 2, 2026",《我要讚佢》齊寫「福」字推廣讚美文化 3局長即席揮毫 寄語學生「勿以善小而不為」,https://www.stheadline.com/society/3540799/我要讚佢齊寫福字推廣讚美文化-3局長即席揮毫-寄語學生勿以善小而不為,"The Hong Kong government officials, including the Education, Civil Affairs, and Culture, Sports, and Tourism Bureau chiefs, participated in the ""I Want to Praise"" campaign by calligraphing the character ""福"" to promote a culture of appreciation and positive values among students. The event emphasized gratitude, kindness, and community spirit, with speeches highlighting the importance of nurturing good character and encouraging students to act kindly, regardless of how small the act may seem."
"February 2, 2026",百分百擔保特惠貸款壞帳率增至18.67% 金管局：增速較早前放緩 盼趨勢持續,https://www.stheadline.com/society/3541014/百分百擔保特惠貸款壞帳率增至1867-金管局增速較早前放緩-盼趨勢持續,"The article reports that the bad debt rate for the Hong Kong government’s 100% guaranteed preferential loan scheme has risen to 18.67% in Q4, with the increase slowing compared to earlier periods. The Hong Kong Monetary Authority (HKMA) expressed hope that this trend will continue, amid ongoing market uncertainties influenced by geopolitical tensions and US interest rate fluctuations."
"February 2, 2026",港男逾$300萬金幣不翼而飛 揭母親金價高企變賣替胞弟買樓 事主傷心欲絕結局峰迴路轉...,https://www.stheadline.com/society/3540982/港男逾300萬金幣不翼而飛-揭母親金價高企變賣替胞弟買樓-事主傷心欲絕結局峰迴路轉...,"A Hong Kong man’s gold worth over HKD 3 million, accumulated over 15 years, was stolen after his mother sold it to help his younger brother buy a property, leading to family disputes and emotional turmoil. The brother has promised to repay one-third of the amount voluntarily, with the remaining two-thirds to be returned within two months, while the man has decided to move out and temporarily sever ties with his family. The incident has sparked widespread online discussion about family conflicts and financial disputes."
"February 2, 2026",請槍考TOEFL以符合嶺大畢業要求 內地女生囚3個月 官指以騙來資格搵工進修如同洗黑錢嚴重,https://www.stheadline.com/society/3540988/請槍考TOEFL以符合嶺大畢業要求-內地女生囚3個月-官指以騙來資格搵工進修如同洗黑錢嚴重,"A 22-year-old female student from mainland China was sentenced to three months in prison for falsely claiming to have achieved the required TOEFL score to graduate from Lingnan University, using deception to obtain her degree. The court emphasized that obtaining qualifications through fraud and then using them to seek employment or further education is akin to money laundering and is considered a serious offense. The case highlights concerns over academic integrity and resource wastage caused by such fraudulent activities."
"February 2, 2026",立春天氣︱氣溫過山車 周五溫暖潮濕最高24度 兩日急插10度周日相當清涼,https://www.stheadline.com/society/3540944/立春天氣氣溫過山車-周五溫暖潮濕最高24度-兩日急插10度周日相當清涼,"The weather in Hong Kong is experiencing significant fluctuations around the start of the lunar new year, with temperatures rising to a warm 24°C on Friday due to humid conditions, followed by a sharp drop of about 10°C over the weekend, bringing lows to around 14°C and even 11°C in some areas. The Hong Kong Observatory attributes these changes to the influence of a northeast monsoon, which will bring cooler and more humid weather by Sunday."
"February 2, 2026",交警跑馬地放蛇打擊網約車揭藏大麻 32歲本地男司機涉販毒被捕,https://www.stheadline.com/breaking-news/3540983/交警跑馬地放蛇打擊網約車揭藏大麻-32歲本地男司機涉販毒被捕,"Hong Kong police arrested a 32-year-old local male driver after discovering about 15 grams of cannabis and smoking tools in the trunk of a vehicle during an undercover operation targeting illegal ride-hailing services. The driver, who claimed to be unemployed, was detained on charges related to possession of dangerous drugs and operating an unlicensed vehicle for paid passenger transport. The incident highlights ongoing efforts to crack down on illegal ride-sharing and drug-related activities in the region."
"February 2, 2026",城巴「仙氣女車長」後繼有人 驚艷乘客：好靚好颯 網民大爆駕駛路線｜Juicy叮,https://www.stheadline.com/local-topics/3540962/城巴仙氣女車長後繼有人-驚艷乘客好靚好颯-網民大爆駕駛路線Juicy叮,"The article reports that a new female bus driver has taken over the role previously held by the well-known ""angelic"" female bus conductor, Liu Jiaying, who resigned to care for her children. The new driver has impressed passengers with her youthful appearance and cheerful demeanor, sparking online admiration and discussions about the attractiveness of Hong Kong bus drivers. No IPO-related information is mentioned in the article."
"February 2, 2026",十五五規劃｜李家超：本港將首次制定「五年計劃」 設新機制對接國家「十五五」規劃,https://www.stheadline.com/society/3540956/每日雜誌人物誌日兼兩職守護兩代心血-豬農黃碩鋒盼三年內復業續章,"The article reports that Hong Kong's government will establish its first five-year development plan, aligning with China's 14th Five-Year Plan, and will introduce a new mechanism to coordinate with national policies. Hong Kong Chief Executive John Lee emphasized the significance of this plan in guiding the city's future development within the broader national framework."
"February 2, 2026",海關高層偕義工隊探訪老人院送暖 率先增添新年氣氛,https://www.stheadline.com/breaking-news/3540973/海關高層偕義工隊探訪老人院送暖-率先增添新年氣氛,"On January 31, senior customs officials and volunteers visited Tuen Mun Yan Chai Hospital's elderly home to deliver warmth and festive cheer ahead of the Lunar New Year. The event, part of the ""Material Donation Program,"" included activities such as games and gift-giving, with support from benefactors and community leaders to bring joy to the elderly residents."
"February 2, 2026",旺角香燭舖遭淋紅油 警列刑毀追查,https://www.stheadline.com/breaking-news/3540949/旺角香燭舖遭淋紅油-警列刑毀追查,"On the morning of February 2, 2026, a candle shop in Mong Kok was vandalized with red oil paint, which was poured over the storefront late the previous night. The police are investigating the incident as criminal damage, and the shop owner, who has operated for nearly 20 years, expressed confusion and frustration over the unprovoked attack."
"February 2, 2026",來到40歲的人生關口，順利養豬場負責人黃碩鋒慨歎無法守住家業，自己亦陷入人生交叉點。,https://www.stheadline.com/society/3540956/每日雜誌‧人物誌｜日兼兩職守護兩代心血-豬農黃碩鋒盼三年內復業續章,黃碩鋒，曾經經營養豬場，因非洲豬瘟爆發及土地收回而停業，現正努力尋找符合規範的新土地，計劃在三年內重啟養豬事業，以延續父親的遺志。面對人生轉折，他在兼職維持生計的同時，懷抱重建家業的希望，並希望為家族譜寫新篇章。
"February 2, 2026",大棋盤︱嚴打撞車碰瓷黨 懲罰無良律師醫生 打擊濫發「免針紙」案例可借鑑,https://www.stheadline.com/breaking-news/3539653/扮假結婚騙局扮假結婚同屬串謀欺詐-大律師警告最高可判監14年,"The article warns that participating in fake marriages (""扮假結婚"") in Hong Kong, even without formal registration, can lead to serious criminal charges such as conspiracy to commit fraud, with a maximum prison sentence of 14 years. It highlights the legal risks and long-term consequences for individuals involved, including potential difficulties in future genuine marriages and financial liabilities. Authorities emphasize that such activities are illegal and carry significant penalties, with scammers profiting heavily from these schemes."
"February 2, 2026",機場赴台行李藏胡椒噴霧 37歲港女被捕,https://www.stheadline.com/breaking-news/3540945/機場赴台行李藏胡椒噴霧-37歲港女被捕,"A 37-year-old woman from Hong Kong was arrested at the airport after security found a pepper spray in her carry-on luggage while preparing to travel to Taiwan. She was detained for violating the Firearms and Ammunition Ordinance, and the case is under investigation by airport police."
"February 2, 2026",輔警系列｜守護市民為己任 飛機師投身前線警務 盼傳承助人價值觀,https://www.stheadline.com/breaking-news/3540761/輔警系列守護市民為己任-飛機師投身前線警務-盼傳承助人價值觀,"The article highlights the dual roles of Steven邱兆研, a flight captain and auxiliary police officer, who serves in front-line police work while maintaining his career as a commercial pilot. He emphasizes the shared focus on safety and community service in both professions and hopes to pass on the values of helping others to his children. The Hong Kong Auxiliary Police Force actively recruits qualified citizens, including students and part-time workers, to join and serve the community."
"February 2, 2026",扮假結婚騙局｜「扮假結婚」同屬串謀欺詐 大律師警告：最高可判監14年,https://www.stheadline.com/breaking-news/3539653/扮假結婚騙局｜「扮假結婚」同屬串謀欺詐-大律師警告：最高可判監14年,"The article reports that participating in fake marriages in Hong Kong, even without formal registration, can lead to serious criminal charges, including conspiracy to defraud, with a maximum prison sentence of 14 years. Legal experts warn that those involved in such schemes face severe penalties and potential prosecution by mainland authorities, emphasizing the risks and long-term consequences for participants."
"February 2, 2026",獨家｜新型「扮假結婚」騙局曝光 犯罪集團招已婚港女做戲簽紙 呃內地男逾十萬中介費,https://www.stheadline.com/breaking-news/3539650/獨家新型扮假結婚騙局曝光-犯罪集團招已婚港女做戲簽紙-呃內地男逾十萬中介費,"A criminal group in Hong Kong has exposed a new scam involving fake marriages, where they recruit married women as actors to help mainland Chinese clients obtain Hong Kong residency by signing false marriage documents. The group charges over 100,000 yuan in intermediary fees, with some participants earning minimal compensation, and continues to operate despite ongoing law enforcement efforts."
"February 2, 2026",新田村屋傳惡臭揭21具貓及倉鼠屍體　28歲男住戶被捕,https://news.mingpao.com/ins/%e6%b8%af%e8%81%9e/article/20260202/s00001/1769996895059/%e6%96%b0%e7%94%b0%e6%9d%91%e5%b1%8b%e5%82%b3%e6%83%a1%e8%87%ad%e6%8f%ad21%e5%85%b7%e8%b2%93%e5%8f%8a%e5%80%89%e9%bc%a0%e5%b1%8d%e9%ab%94-28%e6%ad%b2%e7%94%b7%e4%bd%8f%e6%88%b6%e8%a2%ab%e6%8d%95,警方在元朗新田洲頭村發現約9隻貓和20具貓屍及一具倉鼠屍體，懷疑受到不當對待，並拘捕一名28歲男住戶調查虐待動物案件。所有動物屍體由愛護動物協會職員帶走，部分貓隻獲救並交由相關部門照顧。
"February 2, 2026",李家超計劃推新機制對接「十五五」規劃　將親領跨部門統籌專班,https://news.mingpao.com/ins/%e6%b8%af%e8%81%9e/article/20260202/s00001/1769998616834/%e6%9d%8e%e5%ae%b6%e8%b6%85%e8%a8%88%e5%8a%83%e6%8e%a8%e6%96%b0%e6%a9%9f%e5%88%b6%e5%b0%8d%e6%8e%a5%e3%80%8c%e5%8d%81%e4%ba%94%e4%ba%94%e3%80%8d%e8%a6%8f%e5%8a%83-%e5%b0%87%e8%a6%aa%e9%a0%98%e8%b7%a8%e9%83%a8%e9%96%80%e7%b5%b1%e7%b1%8c%e5%b0%88%e7%8f%ad,"Hong Kong Chief Executive John Lee plans to introduce a new mechanism to align with China's 14th Five-Year Plan (""十五五""規劃), personally leading a cross-departmental coordination team to focus on key development areas. The initiative aims to facilitate Hong Kong's integration into national strategies, with detailed policies to be shared and discussed publicly once finalized."
"February 2, 2026",余偉文：今年香港經濟料穩步增長 樓市首數周交投活躍,https://finance.mingpao.com/fin/instantf/20260202/1770002541006/%e4%bd%99%e5%81%89%e6%96%87-%e4%bb%8a%e5%b9%b4%e9%a6%99%e6%b8%af%e7%b6%93%e6%bf%9f%e6%96%99%e7%a9%a9%e6%ad%a5%e5%a2%9e%e9%95%b7-%e6%a8%93%e5%b8%82%e9%a6%96%e6%95%b8%e5%91%a8%e4%ba%a4%e6%8a%95%e6%b4%bb,"Hong Kong's economy is expected to grow steadily this year, with the property market showing active trading in the first few weeks, including a 3.3% annual increase in property prices and a significant rise in transaction volume. The Hong Kong Monetary Authority's chief, Yu Weiwen, highlighted that despite external uncertainties, the local real estate sector remains robust, supported by successful inventory reduction strategies and positive market sentiment."
"February 2, 2026",申庇護5歲厄瓜多爾童及其父獲釋　美移民與海關執法局：無針對或拘捕兒童,https://news.mingpao.com/ins/%e5%9c%8b%e9%9a%9b/article/20260202/s00005/1769996522464/%e7%94%b3%e5%ba%87%e8%ad%b75%e6%ad%b2%e5%8e%84%e7%93%9c%e5%a4%9a%e7%88%be%e7%ab%a5%e5%8f%8a%e5%85%b6%e7%88%b6%e7%8d%b2%e9%87%8b-%e7%be%8e%e7%a7%bb%e6%b0%91%e8%88%87%e6%b5%b7%e9%97%9c%e5%9f%b7%e6%b3%95%e5%b1%80-%e7%84%a1%e9%87%9d%e5%b0%8d%e6%88%96%e6%8b%98%e6%8d%95%e5%85%92%e7%ab%a5,"A 5-year-old Ecuadorian boy and his father, who were detained during an immigration enforcement action in the U.S., have been released and returned to their Minneapolis residence. The U.S. Immigration and Customs Enforcement (ICE) clarified that they do not target or arrest children, and the father, who entered the U.S. illegally in 2024, is awaiting asylum approval after following proper procedures."
"February 2, 2026",鐵路春運啟動　為期40天　旅客料達5.4億人次,https://news.mingpao.com/ins/%e5%85%a9%e5%b2%b8/article/20260202/s00004/1769997653133/%e9%90%b5%e8%b7%af%e6%98%a5%e9%81%8b%e5%95%9f%e5%8b%95-%e7%82%ba%e6%9c%9f40%e5%a4%a9-%e6%97%85%e5%ae%a2%e6%96%99%e9%81%945-4%e5%84%84%e4%ba%ba%e6%ac%a1,"The Chinese railway system has launched its 40-day Spring Festival travel rush, expecting to transport approximately 540 million passengers, with an average of 13.48 million daily travelers, marking a 5% increase from last year. The railway authorities plan to increase train services, including high-speed and overnight trains, to accommodate peak travel demands and support cross-border travel with Hong Kong."
"February 2, 2026",大S逝世1年 具俊曄深情守墓 紀念雕像今揭幕 朱孝天追憶杉菜經典,https://ol.mingpao.com/ldy/showbiz/latest/20260202/1770008522614/%e5%a4%a7s%e9%80%9d%e4%b8%961%e5%b9%b4-%e5%85%b7%e4%bf%8a%e6%9b%84%e6%b7%b1%e6%83%85%e5%ae%88%e5%a2%93-%e7%b4%80%e5%bf%b5%e9%9b%95%e5%83%8f%e4%bb%8a%e6%8f%ad%e5%b9%95-%e6%9c%b1%e5%ad%9d%e5%a4%a9%e8%bf%bd%e6%86%b6%e6%9d%89%e8%8f%9c%e7%b6%93%e5%85%b8,"On the first anniversary of actress Big S's passing, her husband, Kevin Tsai, consistently visits her grave at Kimpo Mountain, showing deep emotional devotion, including a recent visit during rain and the unveiling of a memorial statue attended by family members. Additionally, F4 member Ken Chu shared nostalgic footage of Big S in ""Meteor Garden,"" evoking fond memories among fans."
"February 2, 2026",港出口越泰比例突破半成新高  分析：地緣政治生產成本影響  輸東盟比重料續升,https://news.mingpao.com/pns/%e7%b6%93%e6%bf%9f/article/20260202/s00004/1769962817735/%e6%b8%af%e5%87%ba%e5%8f%a3%e8%b6%8a%e6%b0%94%e6%af%94%e4%be%8b%e7%aa%81%e7%a0%b4%e5%8d%8a%e6%88%90%e6%96%b0%e9%ab%98-%e5%86%85%e7%a4%ba%ef%bc%9a%e5%9c%b0%e7%b7%a3%e6%94%bf%e6%b2%bb%e7%94%9f%e7%94%a2%e6%88%90%e6%9c%89%e7%9a%84%e8%a8%88%e7%95%ab%e3%80%82,"The article reports that Hong Kong's exports to Vietnam and Thailand have reached record highs, with over 50% of exports now directed to ASEAN countries, driven by shifts in global trade patterns influenced by geopolitical factors and production costs. The reliance on the Chinese market remains high, accounting for nearly 60% of exports, while exports to the US have declined significantly. Additionally, the structure of Hong Kong's trade is evolving, with increased air freight and exports processed through Southeast Asia, reflecting broader changes in regional supply chains."
"February 2, 2026",邱士縉李炘頤宣布訂婚 結束9年愛情長跑 MIRROR首名準人夫,https://news.mingpao.com/pns/%e5%a8%9b%e6%a8%82/article/20260202/s00016/1769964851220/%e9%82%b1%e5%a3%ab%e7%b8%89%e6%9d%8e%e7%82%98%e9%a0%a4%e5%ae%a3%e5%b8%83%e8%a8%82%e5%a9%9a-%e7%b5%90%e6%9d%9f9%e5%b9%b4%e6%84%9b%e6%83%85%e9%95%b7%e8%b7%91-mirror%e9%a6%96%e5%90%8d%e6%ba%96%e4%ba%ba%e5%a4%ab,男團MIRROR成員邱士縉宣布與交往9年的女友李炘頤訂婚，結束長達九年的戀情，成為團內首位準丈夫。兩人在社交平台分享多張溫馨合照和親筆信，表達對未來的期待與感謝支持者，並透露兩人自2018年開始交往，彼此支持並共同維繫感情。
"February 2, 2026",首程控股投資華夏中核清潔能源REIT,https://news.mingpao.com/fin/instantf/20260202/1770007276501/%E9%A6%96%E7%A8%8B%E6%8E%A7%E8%82%A1%E6%8A%95%E8%B3%87%E8%8F%AF%E5%A4%8F%E4%B8%AD%E6%A0%B8%E6%B8%85%E6%BD%94%E8%83%BD%E6%BA%90reit,The article reports that First Capital Holdings has invested in Huaxia Zhonghe Nuclear Clean Energy REIT. Further details about the investment amount or implications are not provided in the excerpt.
"February 2, 2026",靈安護理五感體驗 提升晚期病人幸福感,https://news.mingpao.com/pns/%e5%89%af%e5%88%8a/article/20260202/s00005/1769962835955/%e9%9d%88%e5%ae%89%e8%ad%b7%e7%90%86%e4%ba%94%e6%84%9f%e9%ab%94%e9%a9%97-%e6%8f%90%e5%8d%87%e6%99%9a%e6%9c%9f%e7%97%85%e4%ba%ba%e5%b9%b8%e7%a6%8f%e6%84%9f,"The article discusses the implementation of Namaste Care, a sensory-based end-of-life care approach that enhances the well-being and dignity of terminal patients through visual, auditory, olfactory, gustatory, and tactile stimulation, along with emotional support. Originating from the United States and now adopted in various regions including Hong Kong, this care model aims to provide holistic, personalized comfort for patients with advanced cognitive or physical decline by fostering meaningful sensory and emotional connections."
"February 2, 2026",新加坡4月成立航天局,https://news.mingpao.com/ins/%e6%96%b0%e8%81%9e%e7%b6%b2/article/20260202/s00005/1770006581747/%e6%96%b0%e5%8a%a0%e5%9d%a14%e6%9c%88%e6%88%90%e7%ab%8b%e8%88%aa%e5%a4%a9%e5%b1%80,"Singapore will establish the National Space Agency of Singapore (NSAS) on April 1, 2026, to advance the country's space capabilities, industry development, and international cooperation, while also focusing on regulatory frameworks and sustainable space activities. The agency's formation was announced by Minister of Manpower and Energy and Technology, Chan Chun Sing, at the Space Summit 2026, with Dr. Yan Lina appointed as the acting director."
"February 2, 2026",騰訊元寶擲10億 微信群掀搶紅包潮 單筆最高可逾萬 百度螞蟻加入派錢,https://news.mingpao.com/pns/%e4%b8%ad%e5%9c%8b/article/20260202/s00013/1769966790260/%e9%a8%b0%e8%a8%8a%e5%85%83%e5%af%b6%e6%93%b210%e5%84%84-%e5%be%ae%e4%bf%a1%e7%be%a4%e6%8e%80%e6%90%b6%e7%b4%85%e5%8c%85%e6%bd%ae-%e5%96%ae%e7%ad%86%e6%9c%80%e9%ab%98%e5%8f%be%e8%bf%91%e8%90%ac-%e7%99%be%e5%ba%a6%e8%9e%9e%e8%9f%bb%e5%8a%a0%e5%85%a5%e6%b4%be%e9%8c%a2,"Tencent launched a 10 billion yuan (RMB) Spring Festival red envelope campaign through its AI application Yuanbao, which quickly topped the Apple App Store's free chart and sparked a nationwide red envelope sharing frenzy. The campaign includes opportunities for users to win cash prizes, with some single rewards exceeding ten thousand yuan, and aims to rekindle the popularity of red envelopes that previously boosted mobile payments. Other major tech companies like Ant Group and Baidu are also participating in similar money-giving activities during the festival period."
"February 2, 2026",韓國暴雪路面結冰　部分地區積雪料達10厘米,https://news.mingpao.com/ins/%e7%86%b1%e9%bb%9e/article/20260202/s00024/1770004570686/%e9%9f%93%e5%9c%8b%e6%9a%b4%e9%9b%aa%e8%b7%af%e9%9d%a2%e7%b5%86%e5%86%b0-%e9%83%a8%e5%88%86%e5%9c%b0%e5%8d%80%e7%a9%8d%e9%9b%aa%e6%96%99%e9%81%9410%e5%8e%98%e7%b1%b3,韓國受到暴雪影響，部分地區出現路面結冰，積雪深度達10厘米，特別是在江原道、忠清南道和北道等地區。預計今日早晨將持續降雪或下雨，導致多地路面狀況惡劣，並可能影響交通。
"February 2, 2026",世紀．一一兩岸：愛或恨，去或留：《女孩不平凡》的澳門故事 / 文．李展鵬／編輯．孫志超,https://news.mingpao.com/pns/%e4%bd%9c%e5%ae%b6%e5%b0%88%e6%ac%84/article/20260202/s00018/1769962839504/%e4%b8%96%e7%b4%80-%e4%b8%80%e4%b8%80%e5%85%a9%e5%b2%b8-%e6%84%9b%e6%88%96%e6%81%a8-%e5%8e%bb%e6%88%96%e7%95%99-%e3%80%8a%e5%a5%b3%e5%ad%a9%e4%b8%8d%e5%b9%b3%e5%87%a1%e3%80%8b%e7%9a%84%e6%be%b3%e9%96%80%e6%95%85%e4%ba%8b,"The article discusses the story of a remarkable girl in Macau, highlighting themes of love, hate, departure, and stay amid cross-strait relations. It reflects on broader social issues in Macau, such as low birth rates and the dilemma faced by students whether to return home after studying abroad. The piece emphasizes personal and societal challenges in the context of Macau's unique cultural and political landscape."
"February 2, 2026",世紀．一一兩岸：愛或恨，去或留：《女孩不平凡》的澳門故事 / 文．李展鵬／編輯．孫志超,https://news.mingpao.com/pns/%e4%bd%9c%e5%ae%b6%e5%b0%88%e6%ac%84/article/20260202/s00018/1769962839504/%e4%b8%96%e7%b4%80-%e4%b8%80%e4%b8%80%e5%85%a9%e5%b2%b8-%e6%9d%a8%e6%88%96%e6%81%8b-%e5%8e%9d%e6%88%96%e7%95%99-%e3%80%8a%e5%a5%b3%e5%ad%a9%e4%b8%8d%e5%b9%b3%e5%87%a1%e3%80%8b%e7%9a%84%e6%be%b3%e9%96%80%e6%95%85%e4%ba%8b,"The article discusses the poignant story of a girl in Macau, highlighting themes of love, hate, and choices of staying or leaving amid cross-strait relations. It also touches on broader social issues in Macau, such as low birth rates and the debate among students about whether to return after studying abroad. No IPO-related information is mentioned in the article."
"February 2, 2026",容祖兒鼻塞嚴重靠「救星」 分享聞蒸氣洗鼻抗病日常,https://ol.mingpao.com/ldy/showbiz/latest/20260202/1770007167231/%e5%ae%b9%e7%a5%96%e5%85%92%e9%bc%bb%e5%a1%9e%e5%9a%b4%e9%87%8d%e9%9d%a0%e3%80%8c%e6%95%91%e6%98%9f%e3%80%8d-%e5%86%8d%e4%ba%8c%e8%a8%98%e4%ba%8c%e5%8d%80%e8%a8%88%e7%95%ab%e4%b8%8d%e5%8f%af%e8%a7%a3,容祖兒在社交媒體上分享了她因鼻塞而採用的抗病日常，包括蒸氣洗鼻、使用藥包和母親的粗鹽漱口，來緩解鼻塞和流鼻水的症狀。她表示這些方法幫助她暫時通暢鼻腔，並希望能在一周內康復。
"February 2, 2026",【有片：埋身擊】黃金已見中短線高位 白銀後市料續調整,https://news.mingpao.com/fin/instantf/20260202/1770008500147/%E3%80%90%E6%9C%89%E7%89%87-%E5%9F%8B%E8%BA%AB%E6%93%8A%E3%80%91%E9%BB%83%E9%87%91%E5%B7%B2%E8%A6%8B%E4%B8%AD%E7%9F%AD%E7%B7%9A%E9%AB%98%E4%BD%8D-%E7%99%BD%E9%8A%80%E5%BE%8C%E5%B8%82%E6%96%99%E7%BA%8C%E8%AA%BF%E6%95%B4,"The article reports that gold prices have reached short-term highs, while silver is expected to continue its downward correction. The focus is on recent market movements and the outlook for these precious metals, with no mention of an IPO or related fundraising details."
"February 2, 2026",【有片：埋身擊】黃金已見中短線高位 白銀後市料續調整,https://news.mingpao.com/fin/instantf/20260202/1770008500147/%E3%80%90%E6%9C%89%E7%89%87-%E5%9F%8B%E8%BA%AB%E6%93%8A%E3%80%91%E9%BB%83%E9%87%91%E5%B7%B2%E8%A6%8B%E4%B8%AD%E7%9F%AD%E7%B7%9A%E9%AB%98%E4%BD%8D-%E7%99%BD%E9%8A%80%E5%BE%8C%E5%B8%82%E6%96%99%E7%BA%8C%E8%AA%BF%E6%95%B4,"The article reports that gold prices have reached short-term highs, while silver is expected to continue its downward correction in the near future. There are no details provided about an IPO or related fundraising activities in the article."
"February 2, 2026",【有片：埋身擊】黃金已見中短線高位 白銀後市料續調整,https://news.mingpao.com/fin/instantf/20260202/1770008500147/%E3%80%90%E6%9C%89%E7%89%87-%E5%9F%8B%E8%BA%AB%E6%93%8A%E3%80%91%E9%BB%83%E9%87%91%E5%B7%B2%E8%A6%8B%E4%B8%AD%E7%9F%AD%E7%B7%9A%E9%AB%98%E4%BD%8D-%E7%99%BD%E9%8A%80%E5%BE%8C%E5%B8%82%E6%96%99%E7%BA%8C%E8%AA%BF%E6%95%B4,"The article reports that gold prices have reached short-term highs, while silver is expected to continue its downward correction. The focus is on recent market movements and the outlook for these precious metals, with no mention of an IPO or related fundraising details."
"February 2, 2026",【有片：埋身擊】黃金已見中短線高位 白銀後市料續調整,https://news.mingpao.com/fin/instantf/20260202/1770008500147/%E3%80%90%E6%9C%89%E7%89%87-%E5%9F%8B%E8%BA%AB%E6%93%8A%E3%80%91%E9%BB%83%E9%87%91%E5%B7%B2%E8%A6%8B%E4%B8%AD%E7%9F%AD%E7%B7%9A%E9%AB%98%E4%BD%8D-%E7%99%BD%E9%8A%80%E5%BE%8C%E5%B8%82%E6%96%99%E7%BA%8C%E8%AA%BF%E6%95%B4,"The article reports that gold has reached a short-term high, while silver is expected to continue its downward correction. The focus is on recent price movements and market outlooks for these precious metals, with no mention of IPO-related information."
"February 3, 2026",金價︱情人節買金唔買花？分析師：本周五企穩「呢個位」 升幅可繼續,https://www.stheadline.com/society/3541300/金價情人節買金唔買花分析師本周五企穩呢個位-升幅可繼續,"The article discusses the recent decline in gold prices, attributed to market reactions to potential Federal Reserve chair appointments and geopolitical tensions, with a focus on technical support levels around $4,600 per ounce. Despite short-term fluctuations, analyst Tong Lihong remains optimistic about long-term gold appreciation, recommending investors monitor the $4,600 support level for continued growth."
"February 3, 2026",天氣寒冷｜周日再凍過！氣溫降至13℃ 一日之間降8℃,https://www.stheadline.com/society/3541330/天氣寒冷周日再凍過氣溫降至13-一日之間降8,"The article reports that the weather in Hong Kong will become colder on Sunday, with temperatures dropping to 13°C, an 8°C decrease within a day, due to a cold front and northeast monsoon. The Hong Kong Observatory forecasts a warm period earlier in the week, with temperatures reaching up to 24°C on Friday, before the cold front causes a significant temperature decline over the weekend."
"February 3, 2026",何永賢訪攸壆路簡約公屋任廚藝賽評判 讚活動展現濃厚鄰里情｜Kelly Online,https://www.stheadline.com/society/3541300/金價情人節買金唔買花分析師本周五企穩呢個位-升幅可繼續,"The article discusses the recent decline in gold prices, attributed to market reactions to potential Federal Reserve chair appointments and geopolitical tensions, with analysts suggesting the decline may be overdone. Experts recommend monitoring the $4,600 per ounce support level, as holding above this could signal continued upward momentum for gold. Additionally, the article highlights the long-term investment potential of gold, especially amid ongoing global uncertainties."
"February 3, 2026",27歲內地移民午夜強闖圖強姦鄰居 女事主扯陰毛滴涼茶4小時力保不失 被告認罪判囚5年半,https://www.stheadline.com/society/3541369/27歲內地移民午夜強闖圖強姦鄰居-女事主扯陰毛滴涼茶4小時力保不失-被告認罪判囚5年半,"A 27-year-old man of mainland Chinese origin was sentenced to 5.5 years in prison after admitting to attempted rape and related offenses against a neighbor in Hong Kong. The incident involved multiple acts of violence and sexual assault over a four-hour period, with the defendant expressing remorse and citing pressure from familial expectations."
"February 3, 2026",被告方宇奇。葉偉豪攝,https://www.stheadline.com/society/3541369/27歲內地移民午夜強闖圖強姦鄰居-女事主扯陰毛滴涼茶4小時力保不失-被告認罪判囚5年半,"A 27-year-old man of mainland Chinese origin was sentenced to 5.5 years in prison after admitting to attempted rape and related assault on his neighbor in Hong Kong. The incident involved multiple acts of violence and sexual assault over a four-hour period, with the defendant claiming to be under significant psychological pressure and diagnosed with schizophrenia."
"February 3, 2026",黃大仙龍翔道寶馬遇查 司機涉停牌期間駕駛被捕,https://www.stheadline.com/breaking-news/3541350/黃大仙龍翔道寶馬遇查-司機涉停牌期間駕駛被捕,"A 31-year-old male driver was arrested in Wong Tai Sin for driving a private car during a suspension period and lacking third-party insurance, following a police check on Dragon Cheung Road. The police conducted the operation around 11 a.m. and released the driver on bail, with further police reporting scheduled for late February."
"February 3, 2026",潘焯鴻遭入稟呈請破產 官限下周四前還清69萬元否則頒令破產 潘強調戶口仍遭凍結,https://www.stheadline.com/society/3541348/潘焯鴻遭入稟呈請破產-官限下周四前還清69萬元否則頒令破產-潘強調戶口仍遭凍結,"Hong Kong artist Pan Cheuk-hung is facing a bankruptcy petition after owing approximately HKD 690,000, with a court order requiring him to settle the debt by next Thursday; otherwise, a bankruptcy order will be issued. Pan claims his bank accounts remain frozen and disputes the debt amount, which he describes as ""very controversial."" The court has given him a final opportunity to pay the debt to avoid bankruptcy proceedings."
"February 3, 2026",狗隻入食肆｜年中批出500至1000牌照名額 格鬥犬不得內進 禁狗隻上枱  火鍋及烤肉店無份,https://www.stheadline.com/society/3541339/狗隻入食肆年中批出500至1000牌照名額-格鬥犬不得內進-禁狗隻上枱-火鍋及烤肉店無份,"The Hong Kong government will issue 500 to 1,000 licenses allowing dogs to enter certain restaurants, excluding hotpot and barbecue establishments, with strict regulations such as control on dog behavior and prohibitions on dogs using reusable tableware or being on tables. Approved restaurants must display clear signage and adhere to safety measures, with violations potentially leading to license revocation. This initiative aims to balance pet-friendly policies with food safety concerns."
"February 3, 2026",涉於小學內向女子施襲 持雙程證婦人獲准保釋3.24再訊,https://www.stheadline.com/society/3541357/涉於小學內向女子施襲-持雙程證婦人獲准保釋324再訊,"A 41-year-old woman with a dual travel document was granted bail after being charged with assaulting a girl at a primary school in Hung Hom in October 2025. The case was adjourned to March 24, 2026, for further legal proceedings, with the defendant allowed to remain out on bail under specific conditions."
"February 3, 2026",每日雜誌｜「一換一」屆滿在即  《預算案》前夕觸發購車潮  配額炒價破2.8萬  業界籲撤富貴稅促普及,https://www.stheadline.com/society/3541319/每日雜誌一換一屆滿在即-預算案前夕觸發購車潮-配額炒價破28萬-業界籲撤富貴稅促普及,"The article reports that the Hong Kong electric vehicle ""one-for-one"" exchange program, which began in 2018, is set to expire on March 31, prompting a surge in car and quota trading activity, with resale prices reaching up to HKD 28,000. Industry experts suggest that while the government may extend the program, there could be tightening of incentives and removal of the ""wealthy tax"" threshold to promote broader EV adoption and revenue collection. The market is also seeing increased speculation and high-priced quota transactions ahead of the program's end."
"February 3, 2026",馬頭圍邨及西環邨重建 搬遷津貼唔夠用？黃碧如：非幫居民全數支付 只係「幫幫手」,https://www.stheadline.com/society/3541320/馬頭圍邨及西環邨重建-搬遷津貼唔夠用黃碧如非幫居民全數支付-只係幫幫手,"The Hong Kong Housing Authority announced that relocation allowances for residents of Ma Tau Wai Estate and Western District Estate during their redevelopment are intended as assistance, not full coverage of moving costs. Residents facing difficulties are encouraged to seek support from community and care teams, with the allowances ranging from HKD 10,350 to HKD 33,050, depending on individual circumstances. The plan aims to relocate affected residents by 2029 and 2030, with additional support options available for specific needs."
"February 3, 2026",石蔭邨斜路的士司機「躺平」行車 涉不小心駕駛遭票控,https://www.stheadline.com/breaking-news/3541325/石蔭邨斜路的士司機躺平行車-涉不小心駕駛遭票控,"A taxi driver in Shek Yam Village was ticketed for careless driving after a video showed him lying flat in the driver’s seat while the vehicle was moving downhill, with the car seemingly unoccupied. The 51-year-old local driver was charged following an investigation by police, and no injuries occurred during the incident."
"February 3, 2026",私隱專員公署去年接獲246宗資料外洩事故通報 按年升21%,https://www.stheadline.com/society/3541317/私隱專員公署去年接獲246宗資料外洩事故通報-按年升21,"In 2025, the Privacy Commissioner’s Office in Hong Kong received 246 reports of data breaches, marking a 21% increase from the previous year, with hacking incidents accounting for 81 cases. Additionally, complaints to the office rose by approximately 23%, reflecting increased public awareness of privacy issues, while incidents of illegal ""doxxing"" significantly decreased by over 99% due to enforcement efforts."
"February 3, 2026",青年鄺家翹為1千元報酬代收15萬元電騙款，官指被告年紀尚輕判入教導所有助更生。,https://www.stheadline.com/society/3541331/青年為1千元報酬代收15萬元電騙款-官指被告年紀尚輕判入教導所有助更生,"A young man, aged 18, was sentenced to be placed in a reformative school after admitting to receiving a HKD 1,000 fee to collect HKD 150,000 in scam proceeds from an elderly woman, who was deceived into believing her son-in-law was detained and needed bail money. The court emphasized his young age and prior criminal behavior, including involvement with a triad organization, and believed that placement in a reformative institution would better support his rehabilitation. The case highlights ongoing efforts to address youth involvement in scams and criminal activities."
"February 3, 2026",鄭志剛晤摩納哥阿爾貝二世親王 探討亞洲和摩納哥搭建文化橋樑,https://www.stheadline.com/society/3541327/鄭志剛晤摩納哥阿爾貝二世-探討亞洲和摩納哥搭建文化橋樑,港聞報導，港區上合發展控股創辦人鄭志剛與摩納哥親王阿爾貝二世會面，討論在藝術、永續發展及文化交流方面的合作，旨在搭建亞洲與摩納哥之間的長久文化橋樑，強調合作應具有實質意義而非象徵性。
"February 3, 2026",還原公屋帖文網上湧現 意味好多吉屋流轉？ 網民興奮：呢排有牛上派正過中六合彩｜Juicy叮,https://www.stheadline.com/local-topics/3541285/還原公屋帖文網上湧現-意味好多吉屋流轉-網民興奮-呢排有牛上派正過中六合彩-Juicy叮,"The article reports that online posts about returning public housing units in Hong Kong have surged, suggesting increased turnover of ""吉屋"" (good units), possibly due to tenants moving out. Netizens are excited, with some humorously comparing recent public housing allocations to winning the lottery, indicating a positive sentiment about housing opportunities."
"February 3, 2026",現行電動私家車「一換一」計劃將於3月31日屆滿，觸發市場出現購車熱潮。,https://www.stheadline.com/society/3541319/每日雜誌一換一屆滿在即-預算案前夕觸發購車潮-配額炒價破28萬-業界籲撤富貴稅促普及,"The Hong Kong government’s ""one-for-one"" electric vehicle exchange scheme is set to expire on March 31, prompting a surge in car purchases and a spike in transfer market prices, with some trading at HKD 28,000. Industry experts suggest that while the scheme may be extended, there could be tighter restrictions and tax adjustments, including the removal of the HKD 500,000 ""wealthy tax"" threshold to promote broader EV adoption and facilitate the circulation of high-end electric vehicles."
"February 3, 2026",政府擬今年內向食肆批出牌照容許招待狗隻　名額料500至1000個　火鍋和烤肉店禁申請,https://news.mingpao.com/ins/%e6%b8%af%e8%81%9e/article/20260203/s00001/1770095107789/%e6%94%bf%e5%ba%9c%e6%93%ac%e4%bb%8a%e5%b9%b4%e5%85%a7%e5%90%91%e9%a3%9f%e8%82%86%e6%89%b9%e5%87%ba%e7%89%8c%e7%85%a7%e5%ae%b9%e8%a8%b1%e6%8b%9b%e5%be%85%e7%8b%97%e9%9a%bb-%e5%90%8d%e9%a1%8d%e6%96%99500%e8%87%b31000%e5%80%8b-%e7%81%ab%e9%8d%8b%e5%92%8c%e7%83%a4%e8%82%89%e5%ba%97%e7%a6%81%e7%94%b3%e8%ab%8b,"The Hong Kong government plans to issue 500 to 1,000 licenses within this year to allow pet dogs into designated food establishments, excluding hotpot and barbecue restaurants. The initiative aims to regulate and promote pet-friendly dining, with strict rules on dog control and hygiene measures, and applications will be allocated via a lottery if demand exceeds supply."
"February 3, 2026",私隱專員公署去年接246宗資料外泄事故通報　按年升兩成　以學校及NGO為主,https://news.mingpao.com/ins/%e6%b8%af%e8%81%9e/article/20260203/s00001/1770093665990/%e7%a7%81%e9%9a%b1%e5%b0%88%e5%93%a1%e5%85%ac%e7%bd%b2%e5%8e%bb%e5%b9%b4%e6%8e%a5246%e5%ae%97%e8%b3%87%e6%96%99%e5%a4%96%e6%b3%84%e4%ba%8b%e6%95%85%e9%80%9a%e5%a0%b1-%e6%8c%89%e5%b9%b4%e5%8d%87%e5%85%a9%e6%88%90-%e4%bb%a5%e5%ad%b8%e6%a0%a1%e5%8f%8ango%e7%82%ba%e4%b8%bb,"The Privacy Commissioner’s Office reported 246 data leakage incidents in Hong Kong in 2025, marking a 20% increase from the previous year, primarily involving schools and NGOs. The incidents included hacking, lost documents, and portable device breaches, with hacking-related cases rising by nearly 30%. Additionally, complaints about data privacy increased by 23%, and efforts to combat online doxxing have led to a significant decline in related cases."
"February 3, 2026",曾企圖洗黑錢被定罪　18歲青年為千元報酬收電騙款項判入教導所,https://news.mingpao.com/ins/%e6%b8%af%e8%81%9e/article/20260203/s00001/1770095466423/%e6%9b%be%e4%bc%81%e5%9c%96%e6%b4%97%e9%bb%91%e9%8c%a2%e8%a2%ab%e5%ae%9a%e7%bd%aa-18%e6%ad%b2%e9%9d%92%e5%b9%b4%e7%82%ba%e5%8d%83%e5%85%83%e5%a0%b1%e9%85%ac%e6%94%b6%e9%9b%bb%e9%a8%99%e6%ac%be%e9%a0%85%e5%88%a4%e5%85%a5%e6%95%99%e5%b0%8e%e6%89%80,"An 18-year-old male, previously convicted of money laundering and involved in a scam targeting an elderly woman, was sentenced to a reformative institution after admitting to charges related to money laundering and conspiracy to commit fraud. The court considered his youth and potential for rehabilitation, opting for a correctional facility placement instead of imprisonment."
"February 3, 2026",特朗普莫迪通話　印度同意停買俄油　美對印度貨關稅降至18%,https://news.mingpao.com/ins/%e5%9c%8b%e9%9a%9b/article/20260203/s00005/1770084409132/%e7%89%b9%e6%9c%97%e6%99%ae%e8%8e%ab%e8%bf%aa%e9%80%9a%e8%a9%b1-%e5%8d%b0%e5%ba%a6%e5%90%8c%e6%84%8f%e5%81%9c%e8%b2%b7%e4%bf%84%e6%b2%b9-%e7%be%8e%e5%b0%8d%e5%8d%b0%e5%ba%a6%e8%b2%a8%e9%97%9c%e7%a8%85%e9%99%8d%e8%87%b318,"On February 2, 2026, U.S. President Trump announced that Indian Prime Minister Modi agreed to stop purchasing Russian oil, and in return, the U.S. reduced tariffs on Indian goods exported to the U.S. from 50% to 18%. The two leaders also reached a bilateral trade agreement, with Modi indicating India will buy more U.S. products, including energy, technology, and agriculture, beyond current sectors."
"February 3, 2026",特朗普冀美伊達成協議　否則「壞事將發生」,https://news.mingpao.com/ins/%e5%9c%8b%e9%9a%9b/article/20260203/s00005/1770080992403/%e7%89%b9%e6%9c%97%e6%99%ae%e5%86%80%e7%be%8e%e4%bc%9a%e8%a8%8a-%e5%90%a6%e5%89%87%e3%80%8c%e5%a3%9e%e4%ba%8b%e5%b0%87%e7%99%bc%e7%94%9f%e3%80%8d,"U.S. President Donald Trump emphasized the importance of reaching an agreement with Iran during upcoming nuclear negotiations in Istanbul, warning that failure to do so could lead to serious consequences. He also mentioned that the U.S. is engaging in dialogue with Iran and has military assets in the region, while Israel has outlined three red lines for any potential deal, including halting Iran's nuclear and missile programs and support for regional armed groups."
"February 3, 2026",短片：羅馬許願池收兩歐元入場費　遊客：用於維護是值得的,https://news.mingpao.com/ins/%e7%86%b1%e9%bb%9e/article/20260203/s00024/1770089709873/%e7%9f%ad%e7%89%87-%e7%be%85%e9%a6%ac%e8%a8%b1%e9%a1%98%e6%b1%a0%e6%94%b6%e5%85%a9%e6%ad%90%e5%85%83%e5%85%a5%e5%a0%b4%e8%b2%bb-%e9%81%8a%e5%ae%a2-%e7%94%a8%e6%96%bc%e7%b6%ad%e8%ad%b7%e6%98%af%e5%80%bc%e5%be%97%e7%9a%84,"The Trevi Fountain in Rome has started charging a 2-euro entrance fee to visitors, with some tourists supporting the fee if the revenue is used for maintenance, while others believe it is unfair since locals also have to pay. The fee aims to help fund the preservation of this famous landmark."
"February 3, 2026",電單車大老山隧道撼客貨車　鐵騎士撞穿玻璃插入車廂,https://news.mingpao.com/ins/%e6%b8%af%e8%81%9e/article/20260203/s00001/1770090902274/%e9%9b%bb%e5%96%ae%e8%bb%8a%e5%a4%a7%e8%80%81%e5%b1%b1%e9%9a%a7%e9%81%93%e6%92%bc%e5%ae%a2%e8%b2%a8%e8%bb%8a-%e9%90%b5%e9%a8%e5%a3%ab%e6%92%9e%e7%a9%bf%e7%8e%8b%e6%8a%80,The article reports an incident involving a motorcycle crashing through a glass barrier and into a truck at the Da Lao Shan Tunnel on Lantau Island. The collision resulted in the motorcyclist being injured after breaking through the glass. No information about IPOs or financial details is provided in the article.
"February 3, 2026",短片：羅馬許願池收兩歐元入場費　遊客：用於維護是值得的,https://news.mingpao.com/ins/%e7%86%b1%e9%bb%9e/article/20260203/s00024/1770089709873/%e7%9f%ad%e7%89%87-%e7%be%85%e9%a6%ac%e8%a8%b1%e9%a1%98%e6%b1%a0%e6%94%b6%e5%85%a9%e6%ad%90%e5%85%83%e5%85%a5%e5%a0%b4%e8%b2%bb-%e9%81%8a%e5%ae%a2-%e7%94%a8%e6%96%bc%e7%b6%ad%e8%ad%b7%e6%98%af%e5%80%bc%e5%be%97%e7%9a%84,"The Trevi Fountain in Rome has started charging a 2-euro entrance fee to visitors, with some tourists supporting the measure as a way to fund maintenance, while others believe it is unfair since locals also have to pay. The fee aims to help preserve the iconic site, and opinions on the charge are divided among tourists."
"February 3, 2026",曾企圖洗黑錢被定罪　18歲青年為千元報酬收電騙款項判入教導所,https://news.mingpao.com/ins/%e6%b8%af%e8%81%9e/article/20260203/s00001/1770095466423/%e6%9b%be%e4%bc%81%e5%9c%96%e6%b4%97%e9%bb%91%e9%8c%a2%e8%a2%ab%e5%ae%9a%e7%bd%aa-18%e6%ad%b2%e9%9d%92%e5%b9%b4%e7%82%ba%e5%8d%83%e5%85%83%e5%a0%b1%e9%85%ac%e6%94%b6%e9%9b%bb%e9%a8%99%e6%ac%be%e9%a0%85%e5%88%a4%e5%85%a5%e6%95%99%e5%b0%8e%e6%89%80,"An 18-year-old male, previously convicted of money laundering and involved in a scam targeting an elderly woman, was sentenced to a reformative institution after admitting to related crimes. The court considered his young age and potential for rehabilitation, opting for a correctional facility over imprisonment."
"February 3, 2026",將解僱通知書分享至工作群組　保安公司違反私隱條例,https://news.mingpao.com/ins/%e6%b8%af%e8%81%9e/article/20260203/s00001/1770097044136/%e5%b0%87%e8%a7%a3%e5%83%b1%e9%80%9a%e7%9f%a5%e6%9b%b8%e5%88%86%e4%ba%ab%e8%87%b3%e5%b7%a5%e4%bd%9c%e7%b1%bb%e9%80%a3-%e4%bf%9d%e5%ae%89%e5%85%ac%e5%8f%b8%e9%81%95%e5%8f%8d%e7%a7%81%e9%9a%a1%e6%a2%9d%e4%be%8b,"A security company in Hong Kong violated the Personal Data (Privacy) Ordinance by sharing an employee’s termination notice in a workgroup chat, exposing sensitive personal information to all members. The Privacy Commissioner has issued notices or warnings to the involved organizations, emphasizing the need for proper data protection measures and compliance with privacy regulations."
"February 3, 2026",51歲的士司機因「躺平駕駛」被警方票控,https://news.mingpao.com/ins/%e6%b8%af%e8%81%9e/article/20260203/s00001/1770095374958/51%e6%ad%b2%e7%9a%84%e5%a3%ab%e5%8f%b8%e6%a9%9f%e5%9b%a0%e3%80%8c%e8%ba%ba%e5%b9%b3%e9%a7%95%e9%a7%9b%e3%80%8d%e8%a2%ab%e8%ad%a6%e6%96%b9%e7%a5%a8%e6%8e%a7,"A 51-year-old taxi driver was ticketed by police for ""lying flat driving"" after a viral video showed him reclining in the driver's seat while the vehicle was moving in Kwai Chung. The incident involved suspected improper vehicle brake fixation, leading to the car rolling forward without proper control; no injuries were reported. The police cited the ""careless driving"" offense under the Road Traffic Ordinance, which can result in up to six months' imprisonment and a fine."
"February 3, 2026",社評：金價波動警惕炒風 央行增持大勢未變,https://news.mingpao.com/pns/%e8%a9%95%e8%a9%a2/article/20260203/s00003/1770054615443/%e7%a4%be%e8%a9%95-%e9%87%91%e5%83%b9%e6%b3%a2%e5%8b%95%e8%ad%a6%e6%83%95%e7%92%92%e9%a2%a8-%e5%a4%a7%e5%8b%a2%e6%9c%aa%e8%ae%8a,"The article discusses recent significant fluctuations in gold and silver prices, driven by market speculation and geopolitical factors, with short-term volatility expected. Despite these fluctuations, central banks worldwide continue to increase their gold reserves, emphasizing the long-term importance of gold as a strategic asset, and Hong Kong is actively working to develop its gold trading infrastructure to enhance its influence in global gold pricing."
"February 3, 2026",延宕9年 國共論壇今重啟「爭回暖」 陸委會批迎合北京 藍營：不簽政治協議,https://news.mingpao.com/pns/%e4%b8%ad%e5%9c%8b/article/20260203/s00013/1770050065899/%e5%bb%b6%e5%ae%959%e5%b9%b4-%e5%9c%8b%e5%85%b1%e8%ab%96%e5%a3%87%e4%bb%8a%e9%87%8d%e5%95%9f%e3%80%8c%e7%88%ad%e5%9b%9e%e6%9a%96%e3%80%8d-%e9%99%b8%e5%a7%94%e6%9c%83%e6%89%b9%e8%bf%8e%e5%90%88%e5%8c%97%e4%ba%ac-%e8%97%8d%e7%87%9f-%e4%b8%8d%e7%b0%bd%e6%94%bf%e6%b2%bb%e5%8d%94%e8%ad%b0,"The article reports that the ""KMT-China think tank forum"" has been resumed after nearly 10 years, with Taiwanese KMT officials participating in Beijing. The Taiwan Mainland Affairs Council criticizes the move, stating that it aligns with Beijing's agenda and emphasizes that such exchanges should not replace official cross-strait communication mechanisms. The forum's reopening signifies a potential thaw in cross-strait relations, despite political tensions."
"February 3, 2026",時任銀行客戶服務經理涉披露廉署調查　准保釋候訊,https://news.mingpao.com/ins/%e6%b8%af%e8%81%9e/article/20260203/s00001/1770095231301/%e6%99%82%e4%bb%bb%e9%8a%80%e8%a1%8c%e5%ae%a2%e6%88%b6%e6%9c%8d%e5%8b%99%e7%b6%93%e7%90%86%e6%b6%89%e6%8a%ab%e9%9c%b2%e5%bb%89%e7%bd%b2%e8%aa%bf%e6%9f%a5-%e5%87%86%e4%bf%9d%e9%87%8b%e5%80%99%e8%a8%8a,"A 43-year-old former customer service manager at Jiuyou Bank was granted bail after being charged with disclosing investigation details to family members, related to an ongoing廉署 (ICAC) investigation. The case was adjourned to March 31 for legal representation, with the defendant prohibited from contacting witnesses during bail."
"February 3, 2026",教界稱代課難參與培訓 議員倡檢視機制,https://news.mingpao.com/pns/%e6%95%99%e8%82%b2/article/20260203/s00011/1770054616254/%e6%95%99%e7%95%8c%e7%a8%b1%e4%bb%a3%e8%aa%b2%e9%9b%a3%e5%8f%83%e8%88%87%e5%9f%b9%e8%a8%93-%e8%ad%b0%e5%93%a1%e5%80%a1%e6%aa%a2%e8%a6%96%e6%a9%9f%e5%88%b6,"The article reports that the Education Bureau in Hong Kong plans to amend regulations requiring teachers to complete 150 hours of professional training every three years to maintain their certification. There are concerns from educational institutions and legislators about the challenges faced by substitute teachers in meeting these training requirements, and calls to review the training and certification mechanisms to better accommodate their needs."
"February 3, 2026",馬年賀歲盃年初五大球場上演 港足迎FC首爾 門票今午開售,https://news.mingpao.com/pns/%e9%ab%94%e8%82%b2/article/20260203/s00015/1770050077226/%e9%a6%ac%e5%b9%b4%e8%b3%80%e6%ad%b2%e7%9b%83%e5%b9%b4%e5%88%9d%e4%ba%94%e5%a4%a7%e7%90%83%e5%a0%82%e4%b8%8a%e6%bc%94-%e6%b8%af%e8%b6%b3%e8%bf%8efc%e9%a6%96%e7%88%be-%e9%96%80%e7%a5%a8%e4%bb%8a%e5%8d%88%e9%96%8b%e5%94%ae,"The Hong Kong Football Association announced a friendly match between the Hong Kong national team and FC Seoul, scheduled for February 21 at the Hong Kong Stadium, with tickets on sale from this afternoon. The event, sponsored by FWD Insurance, aims to provide young local players with competitive experience ahead of the Asian Cup qualifiers. Additionally, the Hong Kong Senior Shield final will be held on February 18 at Mong Kok Stadium."
"February 3, 2026",人工作為未來戰士嗎？——讀《人工智能、自動化和戰爭》,https://news.mingpao.com/pns/%e4%ba%ba%e5%b7%a5%e6%99%ba%e8%83%bd-%e8%87%aa%e5%8b%95%e5%8c%96%e5%92%8c%e6%88%b0%e7%88%ad/article/20260203/s00018/1770050100821/%e4%b8%96%e7%b4%80-%e4%ba%8c%e5%85%83%e5%b0%8d%e5%9d%90-%e4%ba%ba%e5%b7%a5%e6%99%ba%e8%83%bd-%e8%87%aa%e5%8b%95%e5%8c%96%e5%92%8c%e6%88%b0%e7%88%ad,"The article discusses the increasing use of artificial intelligence (AI) in military applications, highlighting concerns about autonomous weapons and the potential for AI to make independent decisions in warfare. It references Professor Anthony King's book, which examines how AI is being integrated into military industries in countries like the UK, the US, and Israel, and explores the ethical and strategic implications of this technological shift."
"February 4, 2026",議政隨想︱范駿華：《議員新角色‧新征程》,https://www.stheadline.com/society/3541469/精彩全運回顧粵港澳攜手共策盛事-承辦全運譜香港體育新篇章,"The article highlights Hong Kong's successful participation in the 15th National Games, which was jointly organized by Guangdong, Hong Kong, and Macau, marking a significant milestone in cross-border collaboration and promoting Hong Kong's sports development. It underscores the government's strategic efforts in event planning and regional cooperation, which could positively influence Hong Kong's social and political stability, thereby fostering a conducive environment for future investments and cross-border economic activities. No IPO-related information is provided in the article."
"February 4, 2026",大棋盤︱新議會首辦「學習會」 議員盼以安全帶風波為戒 「別為個人政治前途失卻監察功能」,https://www.stheadline.com/society/3541469/精彩全運回顧粵港澳攜手共策盛事-承辦全運譜香港體育新篇章,"The article highlights Hong Kong's successful participation in the 15th National Games, emphasizing cross-border cooperation with Guangdong and Macau, and detailing the event's organizational efforts. It underscores the importance of political stability and effective governance in fostering a favorable environment for sports development and regional integration, which can positively influence Hong Kong's social and economic stability. No IPO-related information is provided in the article."
"February 4, 2026",Hong Kong Techathon+ 10周年 引領全球創科新格局,https://www.stheadline.com/ad-innovation/3541322/Hong-Kong-Techathon-10周年-引領全球創科新格局,"Hong Kong's Hong Kong Techathon+ celebrated its 10th anniversary, attracting over 1,900 participants from local and international universities, with a record-high 470 teams competing, including teams from Kazakhstan, Japan, Korea, and the UK. The event highlights Hong Kong's role as a global innovation hub, fostering cross-border collaboration and startup development, supported by government and industry initiatives to enhance the local entrepreneurial ecosystem. Notably, winning teams showcased advancements in AI-driven sports analytics, AI exam monitoring, and green technology, emphasizing Hong Kong's strategic position in fostering innovative startups with international reach."
"February 4, 2026",天文台｜大致多雲 日間短暫時間有陽光 最高氣溫約21度,https://www.stheadline.com/society/3541628/天文台大致多雲-日間短暫時間有陽光-最高氣溫約21度,"The Hong Kong Observatory forecasts a mostly cloudy day with brief sunshine and a high temperature of around 21°C, influenced by an easterly airflow and a tropical low-pressure system near the Philippines. Future weather conditions will become more humid and warm, with a cold front expected to bring stronger winds and a temperature drop to around 13°C early next week, impacting the local business environment and cross-border travel planning."
"February 4, 2026",西貢貨Van藏57萬元大麻製品及「毒郵票」 35歲男司機被捕,https://www.stheadline.com/breaking-news/3541627/西貢貨Van藏57萬元大麻製品及毒郵票-35歲男司機被捕,"A 35-year-old male driver was arrested in Sai Kung after police found approximately 3.7 kg of suspected cannabis, along with ""poison stamps,"" valued at around HKD 570,000, hidden in a van. The case highlights ongoing enforcement efforts against drug trafficking in Hong Kong, with potential implications for cross-border drug control policies and regional security. No IPO-related information is present in the article."
"February 4, 2026",北角大廈雜物房變私煙儲存倉 海關拘65歲女 檢126萬元貨,https://www.stheadline.com/breaking-news/3541620/北角大廈雜物房變私煙儲存倉-海關拘65歲女-檢126萬元貨,"Hong Kong Customs uncovered a private cigarette storage operation in North Point, arresting a 65-year-old woman and seizing approximately 280,000 suspected illicit cigarettes valued at around HKD 1.26 million. The operation, believed to supply the Eastern District and potentially stockpiling for Lunar New Year demand, highlights ongoing enforcement efforts against illegal tobacco trade, which remains a significant regulatory concern impacting the local business environment and cross-border trade policies."
"February 4, 2026",拉布拉多犬BB右後腳骨裂 揭遭人掟向牆角 女狗主丈夫被捕,https://www.stheadline.com/breaking-news/3541462/拉布拉多犬BB右後腳骨裂-揭遭人掟向牆角-女狗主丈夫被捕,"A man has been arrested in Hong Kong for allegedly abusing a young Labrador Retriever, which sustained a broken leg after being thrown against a wall. The incident, involving a couple undergoing divorce, highlights ongoing animal cruelty concerns and may influence local animal welfare policies and enforcement practices. There is no information related to investment, IPOs, or market implications in this article."
"February 4, 2026",大棋盤︱新議會首辦「學習會」 議員盼以安全帶風波為戒 「別為個人政治前途失卻監察功能」,https://www.stheadline.com/society/3541469/精彩全運回顧粵港澳攜手共策盛事-承辦全運譜香港體育新篇章,"The article highlights Hong Kong's successful participation in the 15th National Games, emphasizing cross-border cooperation with Guangdong and Macau in hosting the event, which marks a significant step in regional sports development and collaboration. It underscores the government's strategic efforts in organizing and promoting large-scale events to enhance Hong Kong's international profile and foster economic and social ties within the Greater Bay Area. These developments signal a strengthening of Hong Kong's role in regional integration, with potential positive implications for investment in sports, tourism, and cross-border infrastructure projects."
"February 4, 2026",香港科技創新再升級，科技企業迎來新機遇,https://www.stheadline.com/ad-innovation/3541322/Hong-Kong-Techathon-10周年-引領全球創科新格局,"Hong Kong's flagship innovation event, Hong Kong Techathon+, celebrated its 10th anniversary with a record participation of nearly 1,900 teams, including international entrants from Kazakhstan, Japan, Korea, and the UK, highlighting Hong Kong's role as a global innovation hub. The event showcased emerging startups like Cresento, OmniWatch AI, and ROTOBOOST, which received awards and support for scaling their technologies, reflecting Hong Kong's strategic emphasis on fostering cross-border innovation and startup growth. This aligns with Hong Kong's broader policy to enhance its position as an international center for technology and entrepreneurship, with government-backed incubation programs facilitating the commercialization of innovative solutions."
"February 4, 2026",本地經濟數據顯示香港GDP持續增長，市場信心回升,https://www.stheadline.com/society/3541469/精彩全運回顧粵港澳攜手共策盛事-承辦全運譜香港體育新篇章,"Hong Kong's participation in the 15th National Games, jointly hosted with Guangdong and Macau, underscores strengthened cross-border cooperation in sports, supported by government preparations and regional collaboration. The event highlights Hong Kong's strategic role in regional integration, which may positively influence its investment climate by fostering stability and showcasing its capacity for hosting major international events. Additionally, the article does not mention any IPOs or related fundraising activities."
"February 4, 2026",香港與內地政策協調推動跨境投資合作,https://www.stheadline.com/society/3541469/精彩全運回顧粵港澳攜手共策盛事-承辦全運譜香港體育新篇章,"The article highlights the successful organization of the 15th National Games and the 12th National Disabled Sports Games in Hong Kong, marking the city’s first time co-hosting these major national events in collaboration with Guangdong and Macau. This cross-border cooperation underscores enhanced policy coordination and regional integration, potentially boosting Hong Kong’s sports and tourism sectors while strengthening economic and social ties with Mainland China. The event’s successful execution may positively influence Hong Kong’s investment climate by demonstrating stability and collaborative governance in the Greater Bay Area."
"February 4, 2026",習撐拉美護主權 烏拉圭不拒華建5G 「唐羅主義」下訪華 奧爾西：發展對中關係成國策,https://news.mingpao.com/pns/%e4%b8%ad%e5%9c%8b/article/20260204/s00013/1770136247281/%e7%bf%92%e6%92%90%e6%8b%89%e7%8f%a0%e8%ad%b7%e4%b8%bb%e6%ac%8a-%e7%83%8f%e6%8b%89%e5%9c%ad%e4%b8%8d%e6%8b%92%e8%8f%af%e5%bb%ba5g-%e3%80%8c%e5%94%90%e7%be%85%e4%b8%bb%e7%be%a9%e3%80%8d%e4%b8%8b%e8%a8%aa%e8%8f%af-%e5%a5%a7%e7%88%be%e8%a5%bf-%e7%99%bc%e5%b1%95%e5%b0%8d%e4%b8%ad%e9%97%9c%e4%bf%82%e6%88%90%e5%9c%8b%e7%ad%96,"China and Uruguay have strengthened their bilateral relations, with Uruguay officially adopting a policy to develop ties with China, including recognition of Chinese companies' participation in 5G infrastructure. During President Xi Jinping's meeting with Uruguayan President Luis Lacalle Pou, they signed 19 cooperation agreements, emphasizing mutual economic and strategic partnership, and reaffirmed support for the ""One China"" principle. This development signals increased cross-border cooperation and economic integration between China and Latin American countries, potentially impacting regional investment and trade dynamics."
"February 4, 2026",A股三大指數齊低開 人行今淨回籠3025億,https://finance.mingpao.com/fin/instantf/20260204/1770169634529/a%e8%82%a1%e4%b8%89%e5%a4%a7%e6%8c%87%e6%95%b8%e9%bd%8a%e4%bd%8e%e9%96%8b-%e4%ba%ba%e8%a1%8c%e4%bb%8a%e6%b7%a8%e5%9b%9e%e7%b1%a03025%e5%84%84,"The article reports that the three major A-share indices opened lower, with the Shanghai Composite down 0.08%, the Shenzhen Component down 0.39%, and the ChiNext down 0.8%. The People's Bank of China conducted a net withdrawal of 3,025 billion yuan through 7-day reverse repurchase operations, amid a strengthening of the RMB against the USD, reaching a near 33-month high. These developments indicate cautious investor sentiment and monetary policy adjustments impacting the mainland China market, with potential cross-border implications for Hong Kong's financial environment."
"February 4, 2026",沙比大獎賽過頭關 有意做新香港人 世二基倫威爾遜一輪遊 批WST賽期安排糟糕,https://news.mingpao.com/pns/%e9%ab%94%e8%82%b2/article/20260204/s00015/1770136262107/%e6%b2%99%e6%af%94%e5%a4%a7%e7%8d%8e%e8%b3%bd%e9%81%8e%e9%a0%ad%e9%97%9c-%e6%9c%89%e6%84%8f%e5%81%9a%e6%96%b0%e9%a6%99%e6%b8%af%e4%ba%ba-%e4%b8%96%e4%ba%8c%e5%9f%ba%e5%80%ab%e5%a8%81%e7%88%be%e9%81%9c%e4%b8%80%e8%bc%aa%e9%81%8a-%e6%89%b9wst%e8%b3%bd%e6%9c%9f%e5%ae%89%e6%8e%92%e7%b3%9f%e7%b3%95,"The article reports on the ongoing World Snooker Tour (WST) event in Hong Kong, highlighting concerns over the tournament's scheduling and its impact on players, including world-ranked stars like Shaun Murphy and Kyren Wilson. Murphy expressed interest in obtaining Hong Kong residency, citing his positive experiences and desire to become a ""new Hong Konger,"" while Wilson criticized the tournament's schedule for causing fatigue and affecting performance. The event's organization and timing have drawn criticism, reflecting broader challenges in event planning and player welfare within the region's sports environment."
"February 4, 2026",習撐拉美護主權 烏拉圭不拒華建5G 「唐羅主義」下訪華 奧爾西：發展對中關係成國策,https://news.mingpao.com/pns/%e4%b8%ad%e5%9c%8b/article/20260204/s00013/1770136247281/%e7%bf%92%e6%92%90%e6%8b%89%e7%8f%a0%e8%ad%b7%e4%b8%bb%e6%ac%8a-%e7%83%8f%e6%8b%89%e5%9c%ad%e4%b8%8d%e6%8b%92%e8%8f%af%e5%bb%ba5g-%e3%80%8c%e5%94%90%e7%be%85%e4%b8%bb%e7%be%a9%e3%80%8d%e4%b8%8b%e8%a8%aa%e8%8f%af-%e5%a5%a7%e7%88%be%e8%a5%bf-%e7%99%bc%e5%b1%95%e5%b0%8d%e4%b8%ad%e9%97%9c%e4%bf%82%e6%88%90%e5%9c%8b%e7%ad%96,"The article reports on China's support for Latin American sovereignty and development, highlighting President Xi Jinping's meeting with Uruguayan President Luis Lacalle Pou, during which they signed 19 cooperation agreements and emphasized strengthening bilateral relations. Uruguay has adopted a policy prioritizing relations with China, including approval for Chinese participation in local 5G infrastructure, reflecting a strategic shift in regional diplomacy and economic engagement. This development signifies increased cross-border cooperation and China's expanding influence in Latin America, with potential implications for regional investment and geopolitical dynamics."
"February 4, 2026",天齊鋰業短暫停牌,https://finance.mingpao.com/fin/instantf/20260204/1770167695545/%e5%a4%a9%e9%bd%8a%e9%8b%b0%e6%a5%ad%e7%9f%ad%e6%9a%ab%e5%81%9c%e7%89%8c,"The Hong Kong-listed lithium producer Tianqi Lithium announced a brief suspension of trading starting at 09:04 AM on February 4, 2026, with its stock closing at HKD 49.68 prior to the halt. The suspension may reflect regulatory or market adjustments affecting the company's trading environment, which could have implications for investor sentiment and cross-border market stability between Mainland China and Hong Kong. No specific regulatory or policy changes are detailed in the article."
"February 4, 2026",美軍擊落接近航母伊朗無人機,https://news.mingpao.com/ins/%e5%9c%8b%e9%9a%9b/article/20260204/s00005/1770166855725/%e7%be%8e%e8%bb%8d%e6%93%8a%e8%90%bd%e6%8e%a5%e8%bf%91%e8%88%aa%e6%af%8d%e4%bc%8a%e6%9c%97%e7%84%a1%e4%ba%ba%e6%a9%9f,"The U.S. military announced that it shot down an Iranian ""Witness-139"" drone near the USS Lincoln aircraft carrier in the Arabian Sea, citing self-defense as the reason for the action. The incident underscores ongoing tensions in the region, with Iran reportedly losing contact with a reconnaissance drone during a mission, highlighting the volatile security environment that could impact regional stability and investment considerations."
"February 4, 2026",習撐拉美護主權 烏拉圭不拒華建5G 「唐羅主義」下訪華 奧爾西：發展對中關係成國策,https://news.mingpao.com/pns/%e4%b8%ad%e5%9c%8b/article/20260204/s00013/1770136247281/%e7%bf%92%e6%92%90%e6%8b%89%e7%8f%a0%e8%ad%b7%e4%b8%bb%e6%ac%8a-%e7%83%8f%e6%8b%89%e5%9c%ad%e4%b8%8d%e6%8b%92%e8%8f%af%e5%bb%ba5g-%e3%80%8c%e5%94%90%e7%be%85%e4%b8%bb%e7%be%a9%e3%80%8d%e4%b8%8b%e8%a8%aa%e8%8f%af-%e5%a5%a7%e7%88%be%e8%a5%bf-%e7%99%bc%e5%b1%95%e5%b0%8d%e4%b8%ad%e9%97%9c%e4%bf%82%e6%88%90%e5%9c%8b%e7%ad%96,"The article reports on China's support for Latin American sovereignty and development, highlighting President Xi Jinping's meeting with Uruguayan President Luis Lacalle Pou, during which 19 cooperation agreements were signed to deepen bilateral relations, including China's participation in Uruguay's 5G infrastructure. Uruguay has made development of ties with China a national policy, with significant economic reliance on China, which accounts for a quarter of its exports. This underscores China's strategic engagement in Latin America, with potential implications for regional economic and political alignments."
"February 4, 2026",沙比大獎賽過頭關 有意做新香港人 世二基倫威爾遜一輪遊 批WST賽期安排糟糕,https://news.mingpao.com/pns/%e9%ab%94%e8%82%b2/article/20260204/s00015/1770136262107/%e6%b2%99%e6%af%94%e5%a4%a7%e7%8d%8e%e8%b3%bd%e9%81%8e%e9%a0%ad%e9%97%9c-%e6%9c%89%e6%84%8f%e5%81%9a%e6%96%b0%e9%a6%99%e6%b8%af%e4%ba%ba-%e4%b8%96%e4%ba%8c%e5%9f%ba%e5%80%ab%e5%a8%81%e7%88%be%e9%81%9c%e4%b8%80%e8%bc%aa%e9%81%8a-%e6%89%b9wst%e8%b3%bd%e6%9c%9f%e5%ae%89%e6%8e%92%e7%b3%9f%e7%b3%95,"The article reports on the ongoing World Snooker Tour (WST) event in Hong Kong, highlighting concerns over the tournament's scheduling and its impact on players, including world-ranked Kuren Wilson, who criticized the arrangement. Additionally, it notes that some players, like the English player Shaun Murphy, are considering obtaining Hong Kong residency, reflecting potential social and investment implications related to residency policies and the city's status as an international sports hub. No IPO-related information is present in the article."
"February 4, 2026",習撐拉美護主權 烏拉圭不拒華建5G 「唐羅主義」下訪華 奧爾西：發展對中關係成國策,https://news.mingpao.com/pns/%e4%b8%ad%e5%9c%8b/article/20260204/s00013/1770136247281/%e7%bf%92%e6%92%90%e6%8b%89%e7%8f%a0%e8%ad%b7%e4%b8%bb%e6%ac%8a-%e7%83%8f%e6%8b%89%e5%9c%ad%e4%b8%8d%e6%8b%92%e8%8f%af%e5%bb%ba5g-%e3%80%8c%e5%94%90%e7%be%85%e4%b8%bb%e7%be%a9%e3%80%8d%e4%b8%8b%e8%a8%aa%e8%8f%af-%e5%a5%a7%e7%88%be%e8%a5%bf-%e7%99%bc%e5%b1%95%e5%b0%8d%e4%b8%ad%e9%97%9c%e4%bf%82%e6%88%90%e5%9c%8b%e7%ad%96,"The article reports on China's support for Latin American sovereignty and development, highlighting President Xi Jinping's meeting with Uruguayan President Luis Lacalle Pou, during which they signed 19 cooperation agreements and emphasized strengthening bilateral relations. Uruguay has committed to allowing Chinese companies to participate in its 5G infrastructure development, reflecting a strategic shift where development of China relations has become a national policy. This signifies increased economic and diplomatic engagement between China and Latin America, with potential implications for regional investment and cross-border cooperation."
"February 4, 2026",天齊鋰業短暫停牌,https://finance.mingpao.com/fin/instantf/20260204/1770167695545/%e5%a4%a9%e9%bd%8a%e9%8b%b0%e6%a5%ad%e7%9f%ad%e6%9a%ab%e5%81%9c%e7%89%8c,"The Hong Kong-listed lithium producer Tianqi Lithium announced a brief trading halt starting at 09:04 AM on February 4, with its stock closing at HKD 49.68 prior to the suspension. The halt appears to be a temporary measure, with no further details on underlying regulatory or market implications provided in the article. This development may impact investor sentiment and market stability in the lithium sector amid ongoing regulatory considerations."
"February 4, 2026",小馬智行料去年虧損淨額收窄至最多8600萬美元,https://finance.mingpao.com/fin/instantf/20260204/1770170734134/%e5%b0%8f%e9%a6%ac%e6%99%ba%e8%a1%8c%e6%96%99%e5%8e%bb%e5%b9%b4%e8%99%a7%e6%90%8d%e6%b7%a8%e9%a1%8d%e6%94%b6%e7%aa%84%e8%87%b3%e6%9c%80%e5%a4%9a8600%e8%90%ac%e7%be%8e%e5%85%83,小馬智行預計截至2025年12月31日的年度虧損淨額將收窄至約6900萬至8600萬美元，較2024年的2.75億美元虧損有所改善，主要由於投資公允價值變動收益增加。該公司及其子公司Pony AI的虧損亦有所縮減，反映出公司在技術投資和市場表現方面的改善趨勢，對於中美科技企業的投資環境具有積極信號。
"February 4, 2026",美軍擊落接近航母伊朗無人機,https://news.mingpao.com/ins/%e5%9c%8b%e9%9a%9b/article/20260204/s00005/1770166855725/%e7%be%8e%e8%bb%8d%e6%93%8a%e8%90%bd%e6%8e%a5%e8%bf%91%e8%88%aa%e6%af%8d%e4%bc%8a%e6%9c%97%e7%84%a1%e4%ba%ba%e6%a9%9f,"The U.S. military announced that it shot down an Iranian ""Witness-139"" drone near the USS Lincoln aircraft carrier in the Arabian Sea, claiming the drone was provocatively approaching the vessel and that the action was taken in self-defense. The incident highlights ongoing tensions in the region, with Iran reportedly losing contact with a reconnaissance drone during a mission, which successfully transmitted surveillance footage before losing connection. This event underscores the escalating military confrontations in the area, potentially impacting regional security and strategic stability."
"February 4, 2026",習撐拉美護主權 烏拉圭不拒華建5G 「唐羅主義」下訪華 奧爾西：發展對中關係成國策,https://news.mingpao.com/pns/%e4%b8%ad%e5%9c%8b/article/20260204/s00013/1770136247281/%e7%bf%92%e6%92%90%e6%8b%89%e7%8f%a0%e8%ad%b7%e4%b8%bb%e6%ac%8a-%e7%83%8f%e6%8b%89%e5%9c%ad%e4%b8%8d%e6%8b%92%e8%8f%af%e5%bb%ba5g-%e3%80%8c%e5%94%90%e7%be%85%e4%b8%bb%e7%be%a9%e3%80%8d%e4%b8%8b%e8%a8%aa%e8%8f%af-%e5%a5%a7%e7%88%be%e8%a5%bf-%e7%99%bc%e5%b1%95%e5%b0%8d%e4%b8%ad%e9%97%9c%e4%bf%82%e6%88%90%e5%9c%8b%e7%ad%96,"The article reports on China's support for Latin American sovereignty and development, highlighting the recent visit of Uruguayan President Óscar Andrade to China, where both nations signed 19 cooperation agreements and reaffirmed their strategic partnership. Uruguay has committed to allowing Chinese companies to participate in its 5G infrastructure development, reflecting a broader policy shift where Uruguay has made developing relations with China a national priority, with significant economic and diplomatic implications for regional and cross-border cooperation."
"February 4, 2026",沙比大獎賽過頭關 有意做新香港人 世二基倫威爾遜一輪遊 批WST賽期安排糟糕,https://news.mingpao.com/pns/%e9%ab%94%e8%82%b2/article/20260204/s00015/1770136262107/%e6%b2%99%e6%af%94%e5%a4%a7%e7%8d%8e%e8%b3%bd%e9%81%8e%e9%a0%ad%e9%97%9c-%e6%9c%89%e6%84%8f%e5%81%9a%e6%96%b0%e9%a6%99%e6%b8%af%e4%ba%ba-%e4%b8%96%e4%ba%8c%e5%9f%ba%e5%80%ab%e5%a8%81%e7%88%be%e9%81%9c%e4%b8%80%e8%bc%aa%e9%81%8a-%e6%89%b9wst%e8%b3%bd%e6%9c%9f%e5%ae%89%e6%8e%92%e7%b3%9f%e7%b3%95,"The article reports on the ongoing World Snooker Tour (WST) tournament in Hong Kong, highlighting concerns from players like Kuren Wilson about the tournament schedule's impact on performance and their plans to acquire Hong Kong residency, reflecting broader issues related to event organization and cross-border mobility. Additionally, the tournament's scheduling adjustments and players' reactions underscore challenges in event planning that could influence future sporting investments and the region's reputation as a host for international competitions."
"February 4, 2026",習撐拉美護主權 烏拉圭不拒華建5G 「唐羅主義」下訪華 奧爾西：發展對中關係成國策,https://news.mingpao.com/pns/%e4%b8%ad%e5%9c%8b/article/20260204/s00013/1770136247281/%e7%bf%92%e6%92%90%e6%8b%89%e7%be%8e%e8%ad%b7%e4%b8%bb%e6%ac%8a-%e7%83%8f%e6%8b%89%e5%9c%ad%e4%b8%8d%e6%8b%92%e8%8f%af%e5%bb%ba5g-%e3%80%8c%e5%94%90%e7%be%85%e4%b8%bb%e7%be%a9%e3%80%8d%e4%b8%8b%e8%a8%aa%e8%8f%af-%e5%a5%a7%e7%88%be%e8%a5%bf-%e7%99%bc%e5%b1%95%e5%b0%8d%e4%b8%ad%e9%97%9c%e4%bf%82%e6%88%90%e5%9c%8b%e7%ad%96,"The article reports on China's support for Latin American sovereignty and economic development, highlighting President Xi Jinping's meeting with Uruguayan President Luis Lacalle Pou, during which 19 cooperation agreements were signed to deepen bilateral relations, including China's participation in Uruguay's 5G infrastructure. Uruguay has made development of China relations a national policy, with significant economic ties, as a quarter of its exports are to China. The visit underscores China's strategic engagement in Latin America amid shifting global geopolitical dynamics."
"February 4, 2026",天齊鋰業短暫停牌,https://finance.mingpao.com/fin/instantf/20260204/1770167695545/%e5%a4%a9%e9%bd%8a%e9%8b%b0%e6%a5%ad%e7%9f%ad%e6%9a%ab%e5%81%9c%e7%89%8c,"The Hong Kong-listed lithium producer 天齊鋰業 (Tianqi Lithium) announced a brief suspension of trading starting at 09:04 AM today, with its stock closing at HKD 49.68 prior to the halt. This regulatory move may reflect ongoing market adjustments or company-specific considerations, impacting investor sentiment and cross-border investment flows between Mainland China and Hong Kong. The suspension underscores the importance of regulatory oversight in the region's burgeoning lithium and new energy sectors."
"February 4, 2026",社評：「寵物友善」有序推進 主人商戶齊盡責任,https://news.mingpao.com/pns/%e7%a4%be%e8%a9%95/article/20260204/s00003/1770140316998/%e7%a4%be%e8%a9%95-%e3%80%8c%e5%af%b5%e7%89%a9%e5%8f%8b%e5%96%84%e3%80%8d%e6%9c%89%e5%ba%8f%e6%8e%a8%e9%80%b2-%e4%b8%bb%e4%ba%ba%e5%95%86%e6%88%b6%e9%bd%8a%e7%9b%a1%e8%b2%ac%e4%bb%bb,"The Hong Kong government is set to introduce a licensing scheme allowing dogs into certain food establishments, with an initial quota of approximately 500 to 1,000 licenses, aiming to promote a pet-friendly environment while ensuring public health and safety. This policy reflects a broader societal shift towards responsible pet ownership and could stimulate growth in the pet-related economy, though it requires careful regulation and public education to balance diverse community needs. The move signifies a strategic regulatory change that may influence the local business environment and social dynamics, potentially impacting investment opportunities in the hospitality and pet industries."
"February 4, 2026",憂中央徵遊戲增值稅 騰訊曾挫6% 震散科技股 官媒其後稱消息不實,https://news.mingpao.com/pns/%e6%93%b2%e7%a9%8d%e8%81%9e%e7%9c%8b/article/20260204/s00004/1770136251442/%e6%82%a8%e4%b8%ad%e5%a4%ae%e5%be%b5%e9%81%8a%e6%88%b2%e5%a2%9e%e5%80%bc%e7%a8%85-%e9%a8%b0%e8%a8%8a%e6%9b%be%e6%8c%ab6-%e9%9c%87%e6%95%a3%e7%a7%91%e6%8a%80%e8%82%a1-%e5%ae%98%e5%aa%92%e5%85%b6%e5%be%8c%e7%a8%b1%e6%b6%88%e6%81%af%e4%b8%8d%e5%af%a6,"The article reports that rumors of increased value-added tax (VAT) on China's internet, gaming, and financial services sectors—potentially raising the VAT rate for online gaming from 6% to nearly 32%—caused Tencent's stock to drop by up to 6%, triggering a broader decline in tech stocks. However, official Chinese state media later clarified that these reports are false, citing existing legislation that limits VAT rates to a maximum of 13%, thus alleviating concerns about significant tax hikes impacting the sector. The market's overreaction highlights investor sensitivity to policy rumors, but authorities' clarification aims to stabilize the investment environment amid ongoing regulatory and economic adjustments in Mainland China."
"February 5, 2026",宏福苑大火｜獨立委員會指示會議今舉行 主席陸啟康：3月19日將進行聽證會,https://www.stheadline.com/society/3541996/宏福苑大火獨立委員會指示會議今舉行-主席陸啟康3月19日將進行聽證會,"The Hong Kong independent commission is scheduled to hold a public hearing on March 19 to investigate the cause of the fatal fire at Hong Fook Court, with a focus on building safety standards, maintenance, and regulatory oversight, amid heightened social concern. The inquiry aims to address systemic issues, potential conflicts of interest, and accountability within construction and regulatory sectors, reflecting ongoing efforts to enhance safety and governance in Hong Kong’s business and social environment. No IPO-related information is provided in the article."
"February 6, 2026",黎智英案│黎智英下周一判刑,https://www.stheadline.com/society/3542354/黎智英案黎智英下周一判刑,"The article reports that Jimmy Lai (黎智英), founder of Next Digital and associated companies, along with 11 other defendants, has been convicted of conspiracy charges related to colluding with foreign forces and publishing sedition materials, with sentencing scheduled for next Monday, February 9, 2026. This high-profile case underscores ongoing political and legal developments in Hong Kong that may impact the business environment and investor confidence, especially concerning media freedom and regulatory risks. The case's outcome could influence cross-border perceptions of Hong Kong's political stability and legal landscape, affecting foreign investment and market sentiment."
"February 6, 2026",大棋盤｜議員駕車又「出事」區會主席書面提醒,https://www.stheadline.com/politics/3542333/大棋盤議員駕車又出事區會主席書面提醒,"The article reports on recent incidents involving Hong Kong district councilors, including violations such as illegal parking and reckless driving, which have prompted official disciplinary responses and heightened scrutiny of public officials' conduct. These events underscore ongoing concerns about public accountability and legal compliance among elected representatives, potentially influencing the political environment and public trust in governance. No IPO-related information is provided in the article."
"February 6, 2026",精彩全運回顧︱全運賽事堅實後盾  16000義工無私奉獻,https://www.stheadline.com/society/3542051/精彩全運回顧全運賽事堅實後盾-16000義工無私奉獻,"The article highlights the successful organization of the Hong Kong team for the 15th National Games and Paralympics, with over 30,000 volunteers demonstrating strong community engagement and support for the event. The volunteers' dedication ensured smooth operations and reflected Hong Kong's social cohesion, with a formal recognition ceremony planned to honor their contributions. This underscores the positive social and political developments fostering a stable environment for future investments in Hong Kong's sports and community sectors."
"February 6, 2026",豐澤 數碼轉型引領零售新世代 打造智慧生活新體驗,https://www.stheadline.com/ad-enterprise/3542090/豐澤-數碼轉型引領零售新世代-打造智慧生活新體驗,"The article highlights how Fortress (豐澤) has successfully implemented a digital transformation strategy, earning awards such as the HKRMA 2025 O2O Retail Brand Grand Prize and Trustworthy Online Store Silver Award, positioning it as a leader in Hong Kong's retail sector. The company’s integration of online and offline services, use of AI for market insights, and expansion of tailored services for seniors demonstrate a strategic shift towards smarter, more personalized shopping experiences, with implications for increased competitiveness and market growth in the cross-border Hong Kong-Mainland China retail environment."
"February 6, 2026",港鐵杏花邨站附近信號設備一度運作不暢順 港島綫列車服務逐步回復正常,https://www.stheadline.com/breaking-news/3542329/港鐵杏花邨站附近信號設備一度運作不暢順-港島綫列車服務逐步回復正常,"The Hong Kong MTR experienced signal equipment issues near Heng Fa Chuen Station, causing delays on the Island Line, with train services gradually returning to normal after repairs. This incident highlights ongoing infrastructure challenges that could impact commuter efficiency and operational stability, potentially influencing investor confidence in public transportation assets and related sectors in Hong Kong. There are no IPO-related details or market implications explicitly mentioned in the article."
"February 6, 2026",內地中介機構聲稱保證入讀高科院本科課程  VTC主席林健鋒：已上報教育局和內地教育部門調查事件,https://www.stheadline.com/society/3542210/內地中介機構聲稱保證入讀高科院本科課程-VTC主席林健鋒已上報教育局和內地教育部門調查事件,"The article reports that a mainland Chinese intermediary claimed to guarantee admission to Hong Kong's VTC undergraduate programs by falsifying academic credentials, prompting VTC chairman Lin Kin-fung to report the incident to education authorities for investigation. This highlights ongoing concerns over cross-border educational fraud and regulatory enforcement, emphasizing the need for stricter application vetting processes amid heightened scrutiny of cross-border educational integrity and potential impacts on Hong Kong’s international reputation."
"February 6, 2026",油麻地回收金屬躉船二級火 消防海陸兩路灌救  六日內第二宗,https://www.stheadline.com/breaking-news/3542317/油麻地回收金屬躉船二級火-消防海陸兩路灌救-六日內第二宗,"A fire broke out on a metal recycling vessel at Yau Ma Tei's public cargo terminal, marking the second incident within six days involving similar metal-recycling ships in the area. The fire, caused by unidentified reasons, prompted coordinated firefighting efforts from land and sea, with no injuries reported. This recurring safety issue highlights potential regulatory and operational risks in Hong Kong’s maritime recycling sector, which could impact investor confidence and safety policies in the industry."
"February 6, 2026",天文台｜市區最高氣溫約25度 新界再高兩三度 晚上有一兩陣微雨,https://www.stheadline.com/society/3542323/天文台市區最高氣溫約25度-新界再高兩三度-晚上有一兩陣微雨,"The Hong Kong Observatory reports that the daytime high temperature in the city is around 25°C, with the New Territories experiencing slightly higher temperatures by two to three degrees, and light micro rain expected in the evening. This weather pattern reflects a weak coastal breeze and the influence of a tropical storm near the Philippines, with temperatures expected to drop significantly overnight. The data indicates a stable but slightly warming trend in the region, with no immediate policy or market implications highlighted."
"February 6, 2026",內地中介聲稱持VTC官方授權-298萬人民幣保證入讀THEi本科課程-VTC否認,https://www.stheadline.com/society/3542193/內地中介聲稱持VTC官方授權-298萬人民幣保證入讀THEi本科課程-VTC否認,"A mainland Chinese education intermediary claims to hold official authorization from Hong Kong's VTC and offers a service guaranteeing admission to THEi's undergraduate program for 298,000 RMB, which VTC and THEi deny. The scheme involves falsified academic documents and unauthorized cooperation, raising concerns over cross-border educational fraud and regulatory enforcement. This incident highlights ongoing challenges in Hong Kong-mainland education exchanges and the need for stricter oversight of cross-border academic credentials."
"February 6, 2026",油麻地回收金屬躉船二級火-消防海陸兩路灌救-六日內第二宗,https://www.stheadline.com/breaking-news/3542317/油麻地回收金屬躉船二級火-消防海陸兩路灌救-六日內第二宗,"A fire involving a metal recycling vessel occurred at the Yau Ma Tei public cargo terminal, marking the second incident within six days, with both fires linked to metal cargo. The repeated incidents highlight potential safety and regulatory concerns in the local maritime and recycling sectors, which could impact operational policies and cross-border trade regulations between Hong Kong and Mainland China. No injuries were reported, and investigations are ongoing."
"February 6, 2026",豐澤數碼轉型引領零售新世代,https://www.stheadline.com/ad-enterprise/3542090/豐澤-數碼轉型引領零售新世代-打造智慧生活新體驗,"The article highlights how Fortress (豐澤) has successfully implemented a digital transformation strategy, winning awards such as the HKRMA 2025 ""O2O零售品牌大獎 - 金獎,"" and emphasizes its integration of online and offline retail through innovative services like ""Chat & Buy"" and ""Click & Collect."" The company leverages AI and big data to enhance customer experience, expand services for seniors, and adapt to market trends, reinforcing its leadership in Hong Kong's retail sector amidst a competitive environment. This strategic shift underscores the evolving business environment in Hong Kong, with a focus on technological innovation and customer-centric services shaping future investment opportunities."
"February 6, 2026",大棋盤議員駕車又出事區會主席書面提醒,https://www.stheadline.com/politics/3542333/大棋盤｜議員駕車又「出事」區會主席書面提醒,"The article reports on recent incidents involving Hong Kong district councilors, including violations such as illegal parking and reckless driving, which have prompted official warnings and calls for stricter adherence to conduct standards. These events highlight ongoing concerns over public officials' behavior, potentially impacting public trust and the regulatory environment for political accountability in Hong Kong. No specific policy or regulatory changes affecting investments or market implications are discussed in the article."
"February 6, 2026",黎智英案│黎智英下周一判刑,https://www.stheadline.com/society/3542354/黎智英案黎智英下周一判刑,"The article reports that Jimmy Lai (黎智英), founder of Next Digital, along with 11 other defendants, is scheduled for sentencing next Monday (February 9, 2026) after being convicted of conspiracy to collude with foreign forces and publishing seditious materials related to the pro-democracy movement. The case underscores ongoing political and legal developments in Hong Kong that could impact the business environment and cross-border relations with Mainland China, especially concerning media freedom and regulatory scrutiny. No IPO-related information is provided in the article."
"February 6, 2026",天文台｜市區最高氣溫約25度 新界再高兩三度,https://www.stheadline.com/society/3542323/天文台市區最高氣溫約25度-新界再高兩三度-晚上有一兩陣微雨,"The Hong Kong Observatory reports that the urban area will experience a high of approximately 25°C, with the New Territories potentially reaching two to three degrees higher, accompanied by light micro rain in the evening. The ongoing tropical storm near Manila is expected to move northwest, influencing local weather patterns, while economic and policy implications are not discussed in this weather-focused update. There are no IPO-related details provided in the article."
"February 6, 2026",內地中介機構聲稱保證入讀高科院本科課程  VTC主席林健鋒已上報教育局和內地教育部門調查事件,https://www.stheadline.com/society/3542210/內地中介機構聲稱保證入讀高科院本科課程-VTC主席林健鋒已上報教育局和內地教育部門調查事件,"Hong Kong's VTC has reported a mainland-based education agency for falsely claiming to guarantee admission to its undergraduate programs, amid concerns over fake diplomas and illegal intermediary practices. Authorities are investigating, highlighting ongoing cross-border regulatory challenges and the need for stricter admission verification processes to safeguard Hong Kong's international reputation and educational integrity."
"February 6, 2026",油麻地回收金屬躉船二級火 消防海陸兩路灌救,https://www.stheadline.com/breaking-news/3542317/油麻地回收金屬躉船二級火-消防海陸兩路灌救-六日內第二宗,"A fire involving a metal recycling vessel occurred at the Yau Ma Tei public cargo terminal, marking the second such incident within six days, with both fires linked to metal cargo on ships. The recurring nature of these fires raises concerns about safety regulations and operational risks in Hong Kong’s maritime recycling sector, potentially impacting the business environment and cross-border trade policies between Hong Kong and Mainland China. No injuries were reported, and investigations into the cause are ongoing."
"February 9, 2026",黎智英案︱香港大律師公會 : 量刑為將來案件提供指導  有信心香港法院運作不受外來干預,https://www.stheadline.com/politics/3543302/黎智英案香港大律師公會-量刑為將來案件提供指導-有信心香港法院運作不受外來干預,"Hong Kong's Court of First Instance sentenced黎智英 to 20 years and eight other defendants to 6-10 years for national security crimes, with the Hong Kong Bar Association affirming that sentencing guidelines will serve as future case references and expressing confidence in the judiciary's independence and resistance to external influence. The legal framework emphasizes the importance of national security laws within Hong Kong's common law system, and the judiciary maintains its commitment to impartiality amidst ongoing political developments. This reinforces Hong Kong's legal environment as stable and independent, despite recent high-profile cases impacting the broader investment climate."
"February 9, 2026",建管條例修訂｜麥美娟 : 冀所有修訂可以「落地」 勿讓別有企圖人士滲入,https://www.stheadline.com/politics/3543284/建管條例修訂麥美娟-冀所有修訂可以落地-勿讓別有企圖人士滲入,"The Hong Kong government is proposing revisions to the Building Management Ordinance to enhance building management reforms, including stricter regulations on proxy voting and interest disclosures, aiming to encourage owner participation and prevent malicious infiltration into property management committees. These policy changes seek to balance regulatory oversight with practical implementation, potentially impacting the business environment for property management firms and investor confidence in the real estate sector. The reforms reflect ongoing efforts to strengthen governance and transparency in Hong Kong’s property industry amidst social and political considerations."
"February 9, 2026",黎智英案｜中律協：堅決支持依法懲處  維護國家安全與香港法治,https://www.stheadline.com/politics/3543264/黎智英案中律協堅決支持依法懲處-維護國家安全與香港法治,"The Hong Kong judiciary has sentenced media tycoon Jimmy Lai to 20 years in prison for conspiracy to collude with foreign forces, with the Law Society expressing strong support for the court's decision, citing the case's importance in safeguarding national security and the rule of law. The legal proceedings, which lasted 156 days, were described as transparent and adhering to legal principles, reinforcing confidence in Hong Kong's judicial independence amid external criticisms. This development underscores the ongoing political and legal environment in Hong Kong, with implications for the business climate and cross-border relations with Mainland China."
"February 9, 2026",港大研究：腎病藥物「非奈利酮」證實有效改善卵泡發育 助早發性卵巢功能不全患者懷孕,https://www.stheadline.com/society/3543275/港大研究腎病藥非奈利酮證有效改善卵泡發育-助早發性卵巢功能不全患者懷孕,港大最新研究證實，原用於治療腎病的藥物「非奈利酮」能促進早發性卵巢功能不全患者的卵泡發育，為不孕患者帶來新希望。該臨床試驗在港大深圳醫院進行，14名患者中有多位成功培育出可用胚胎，顯示該藥物具有潛在的臨床應用價值，並可能推動相關生育治療的政策調整。
"February 9, 2026",港府推動經濟復甦措施，促進本地投資與企業發展,https://www.stheadline.com/breaking-news/3543304/撞車碰瓷黨商業罪案調查科搜旺角一律師行-檢走多箱文件,"The article reports on a police investigation into a organized ""crash-for-cash"" scam involving a lawyer's office in Mongkok, where multiple suspicious traffic compensation claims exceeding 100 cases have been identified, including a couple involved in 22 claims over recent years. Authorities have seized multiple documents and detained suspects, highlighting ongoing efforts to combat organized fraud that impacts the local business environment and insurance sector. This crackdown underscores increased regulatory scrutiny and social efforts to address organized crime, with potential implications for cross-border cooperation between Hong Kong and Mainland China."
"February 9, 2026",內地企業加大在港投資，推動本地經濟多元化,https://www.stheadline.com/society/3543298/農曆新年內地保供代表團訪港考察-確保春節期間食物供應充足多元,"The Chinese mainland's ""supply security"" delegation visited Hong Kong to assess and ensure the stable, safe, and diverse supply of food, particularly fresh produce, during the Lunar New Year, reflecting strengthened cross-border cooperation and policy measures to support Hong Kong's food security. This visit underscores ongoing efforts to enhance the business environment and supply chain stability between Mainland China and Hong Kong, with government officials emphasizing the importance of quality control and emergency preparedness in food imports. The initiative highlights the strategic importance of mainland-HK economic and social collaboration amid evolving regulatory and market conditions."
"February 10, 2026",國務院發布維護國安白皮書 涵五大範疇 形容國安「猶如空氣、陽光」 不追求「泛化安全」允保障人權,https://www.stheadline.com/politics/3543416/國務院發布維護國安白皮書-涵五大範疇-形容國安猶如空氣陽光-不追求泛化安全允保障人權,"The Chinese central government has released a white paper emphasizing the importance of high-level national security in Hong Kong, framing security as essential and akin to ""air and sunlight,"" while affirming that human rights protections will be maintained. The document underscores the ongoing commitment to safeguarding sovereignty and stability under the ""one country, two systems"" framework, with implications for Hong Kong's political and social environment, potentially affecting investment stability and cross-border relations with Mainland China. No IPO-related data is provided in the article."
"February 10, 2026",直播︱李家超：維護國安《白皮書》正合其時 對國家叛徒作嚴重警告 斥黎智英無恥充當外部勢力爪牙,https://www.stheadline.com/politics/3543408/直播李家超維護國安白皮書正合其時-對國家叛徒作嚴重警告-斥黎智英無恥充當外部勢力爪牙,"Hong Kong Chief Executive John Lee emphasized the importance of the new national security white paper, highlighting ongoing threats to national security and condemning pro-democracy figure Jimmy Lai for allegedly acting as an external agent, which underscores the government's focus on political stability. The policy signals a reinforced stance on security measures, potentially impacting the business environment and cross-border relations with Mainland China by prioritizing national security over political dissent. This development may influence investor confidence and the regulatory landscape in Hong Kong, especially concerning political and social stability."
"February 10, 2026",建管條例修訂｜鄧家彪倡按屋苑類型 訂立授權票上限門檻,https://www.stheadline.com/society/3543424/建管條例修訂鄧家彪倡按屋苑類型-訂立授權票上限門檻,"The Hong Kong Legislative Council is considering amendments to the Building Management Ordinance, with proposals to set different voting thresholds based on property types and to restrict the number of proxy votes to enhance transparency and prevent manipulation. These regulatory changes aim to improve building management practices, potentially affecting property governance and community participation, with implications for the local real estate and property management sectors. The adjustments reflect ongoing efforts to strengthen governance standards amid social concerns over transparency and accountability in Hong Kong's property sector."
"February 10, 2026",警聯同入境處油尖打擊黑工及掃黃 拘捕33人,https://www.stheadline.com/breaking-news/3543397/警聯同入境處油尖打擊黑工及掃黃-拘捕33人,"Hong Kong police and immigration authorities conducted a crackdown on illegal employment and vice activities in Yau Tsim, arresting 33 individuals aged 18 to 65 for violations including overstaying, illegal work, and possessing false identification documents. The operation underscores ongoing enforcement efforts to regulate cross-border immigration and labor compliance, with potential implications for the local business environment and cross-border regulatory cooperation. No IPO-related information is provided in the article."
"February 10, 2026",泰國來港航班乘客失$15萬現金 內地漢涉盜竊被捕,https://www.stheadline.com/breaking-news/3543404/泰國來港航班乘客失15萬現金-內地漢涉盜竊被捕,"A 41-year-old mainland Chinese man was arrested after allegedly stealing approximately HKD 150,000 in cash from a passenger’s luggage on a flight from Thailand to Hong Kong. The incident highlights ongoing security concerns at Hong Kong’s airport, with cross-border travel and safety measures remaining critical for maintaining investor confidence and a stable business environment in the region. No IPO-related information is provided in the article."
"February 10, 2026",港島半山住宅露台起火 住戶自行撲救 疑燒着罐裝氣體引起｜有片,https://www.stheadline.com/breaking-news/3543399/港島半山住宅露台起火-住戶自行撲救-疑燒着罐裝氣體引起有片,"A fire broke out on a residential balcony in Mid-Levels, Hong Kong Island, caused by a gas cylinder ignited during a barbecue, with residents successfully extinguishing the flames themselves. The incident highlights ongoing safety concerns related to domestic gas use and fire prevention in Hong Kong's densely populated urban environment, with potential implications for regulatory enforcement and public safety policies. No injuries were reported, and authorities are investigating the cause."
"February 10, 2026",九龍城父子學業問題爭執 父電腦椅襲15歲仔 涉虐兒被捕,https://www.stheadline.com/breaking-news/3543398/九龍城父子學業問題爭執-父電腦椅襲15歲仔-涉虐兒被捕,"A 60-year-old man in Kowloon City was arrested after allegedly assaulting his 15-year-old son with a computer chair during a dispute over academic issues, resulting in the child's injuries requiring hospital treatment. This incident highlights ongoing social concerns regarding family violence and child welfare in Hong Kong, with potential implications for community safety policies and social services. No investment-related or IPO-specific information is present in this article."
"February 10, 2026",港島半山豪宅露台起火，住戶自行撲救無人受傷。Threads @ the.fluffy.foodie.hk 影片截圖,https://www.stheadline.com/breaking-news/3543399/港島半山住宅露台起火-住戶自行撲救-疑燒着罐裝氣體引起-有片,"A fire on a Hong Kong Island hillside residential balcony was quickly extinguished by residents, likely caused by a gas canister ignited during barbecuing, with no injuries reported. This incident highlights ongoing safety concerns related to outdoor cooking practices in high-density urban environments, which may influence future regulatory focus on fire safety standards for residential buildings. The event underscores the importance of strict safety protocols amid Hong Kong’s densely populated living conditions, with potential implications for policy enforcement and public awareness campaigns."
"February 10, 2026",屯門井頭中村男子倒斃村屋內 頭部傷勢不尋常 警方暫列謀殺,https://www.stheadline.com/breaking-news/3543299/屯門井頭中村男子倒斃村屋內-頭部傷勢不尋常-警方暫列謀殺,"A 63-year-old man was found dead in his residence in Tuen Mun, with head injuries suspected to be caused by a blunt object, leading police to initially classify the case as murder. The victim's wife has been detained for questioning amid ongoing investigations, which include an autopsy to determine the exact cause of death. This incident highlights ongoing concerns over public safety and law enforcement response in Hong Kong, with potential implications for social stability and community confidence."
"February 10, 2026",屯門發生命案。周一（9日）傍晚6時41分，警方接獲報案，指一名60多歲男子被發現倒卧於屯門井頭中村一村屋內，昏迷不醒。救援人員到場，證實男子頭部有傷，當場死亡。人員認為事件有可疑，交由屯門警區重案組接手，將案件暫列「謀殺」，經調查後拘捕死者的妻子，懷疑她用硬物襲擊死者導致死亡。,https://www.stheadline.com/breaking-news/3543299/屯門井頭中村男子倒斃村屋內-頭部傷勢不尋常-警方暫列謀殺拘死者妻,"A 63-year-old man was found dead with head injuries in a village house in Tuen Mun, with police suspecting murder. The victim's wife has been detained for questioning after initial investigations indicated she may have assaulted him with a hard object. The case remains under investigation, highlighting ongoing concerns over safety and violence in local communities."
"February 10, 2026",大棋盤︱醫委會處理投訴歎慢板 改革細節待釐清,https://www.stheadline.com/politics/3543407/大棋盤︱醫委會處理投訴歎慢板-改革細節待釐清,"The Hong Kong Medical Council faces criticism over slow and opaque handling of medical complaints, with recent government proposals focusing on minor reforms such as increasing external members and setting case processing targets. However, key issues like separating disciplinary authority from medical practice oversight remain unaddressed, raising concerns about the effectiveness of future reforms and the overall healthcare oversight environment, which could impact public confidence and regulatory stability in the medical sector."
"February 10, 2026",屯門兆康苑34歲男燒炭亡。資料圖片,https://www.stheadline.com/breaking-news/3543366/珍惜生命屯門兆康苑34歲男燒炭亡-妻子發現惜太遲,"A 34-year-old man in Tuen Mun's Cheung Koon Court committed suicide by burning charcoal, with his wife discovering him too late; police found no suicide note, and the cause of death is pending autopsy. This incident highlights ongoing mental health and social challenges within the community, underscoring the importance of accessible support services. There are no direct implications for investment, policy, or cross-border economic activities based on this report."
"February 11, 2026",國安白皮書︱拆解「泛化安全」 譚耀宗：外國政府常借題發揮 「乜嘢都話國家安全」,https://www.stheadline.com/politics/3543764/國安白皮書拆解泛化安全-譚耀宗外國政府常借題發揮-乜嘢都話國家安全,"The article discusses the Chinese government's release of a white paper emphasizing that national security efforts do not aim for ""absolute security"" and caution against the overgeneralization of security concepts, which some foreign governments, including the U.S., are accused of doing by applying security concerns broadly to issues like TikTok. It highlights the importance of balancing security with development and human rights, and underscores the need for public education to prevent misuse of national security narratives, which could impact Hong Kong's social stability and cross-border policy environment."
"February 11, 2026",甯漢豪晤建造業商會 指整體工程數量有望回升 預留300億元撐業界,https://www.stheadline.com/society/3543729/甯漢豪晤建造業商會指整體工程數量有望回升-預留300億元撐業界,"Hong Kong's Development Bureau, led by Secretary Ngan Hon-ho, announced plans to support the construction industry with an additional HKD 30 billion over the next two to three years, alongside measures to enhance project management and encourage collaboration between large and small contractors. Despite recent declines in private sector projects, the government expects overall construction activity to rebound as public projects increase and market conditions improve, signaling a more favorable business environment and potential growth in the sector. These policy adjustments aim to stabilize and sustain Hong Kong’s construction industry amid evolving economic and cross-border market dynamics."
"February 11, 2026",洪水橋產業園擬不限地積比限高110米 議員專家指方便片區不同用途配搭,https://www.stheadline.com/society/3543649/洪水橋產業園擬不限地積比限高110米-議員專家指方便片區不同用途配搭,"The Hong Kong government plans to rezone approximately 24.8 hectares of land in洪水橋 for industrial use, removing the existing floor area ratio (FAR) restrictions while maintaining a height limit of 110 meters, to enhance development flexibility and accommodate diverse industrial activities. Experts and legislators support this move, citing its potential to attract market investment and facilitate mixed-use development, with an estimated building height of around 30 floors. This policy shift aims to boost the local industrial sector and align with broader regional development strategies, potentially influencing cross-border investment and urban planning in the Greater Bay Area."
"February 11, 2026",天文台｜日間部分時間有陽光 最高氣溫約24度 吹輕微至和緩東北風,https://www.stheadline.com/society/3543742/天文台日間部分時間有陽光-最高氣溫約24度-吹輕微至和緩東北風,"The Hong Kong Observatory forecasts a mostly cloudy day with some sunshine, a maximum temperature of approximately 24°C, and light to moderate northeast winds. The weather remains relatively warm and humid with upcoming days expected to see stronger winds and temperature fluctuations during the Lunar New Year holiday period. There are no immediate policy or economic implications highlighted in this weather update."
"February 11, 2026",巴漢赴北京行李藏伸縮棍 涉違航空保安條例被捕,https://www.stheadline.com/breaking-news/3543743/巴漢赴北京行李藏伸縮棍-涉違航空保安條例被捕,"A 39-year-old Pakistani man holding a Hong Kong ID was detained at Hong Kong International Airport after security found a telescopic baton in his checked luggage while preparing to fly to Beijing, violating aviation security regulations. The incident highlights ongoing security enforcement and cross-border travel concerns between Hong Kong and Mainland China, with potential implications for aviation safety policies and traveler screening procedures."
"February 11, 2026",北大嶼山公路的士猛撼箭嘴車 車頭盡毀男乘客拋出車昏迷,https://www.stheadline.com/breaking-news/3543767/北大嶼山公路的士猛撼箭嘴車-車頭盡毀男乘客拋出車昏迷,"A traffic accident on North Lantau Highway involving a taxi and an arrow-shaped vehicle resulted in a head-on collision, destroying the taxi's front and causing a male passenger to be ejected and fall into a coma. The incident highlights ongoing road safety concerns and the need for enhanced traffic regulation enforcement in Hong Kong, which could impact transportation policies and infrastructure planning. No IPO-related information is provided in the article."
"February 11, 2026",海麗邨輞井村搜出共360萬毒品 拘2男最細21歲,https://www.stheadline.com/breaking-news/3543740/警海麗邨輞井村搜出共360萬毒品-拘2男最細21歲,"Hong Kong police uncovered approximately HKD 3.6 million worth of drugs, including methamphetamine and ketamine, during raids in Shek Lei Estate and Wong King Village, resulting in the arrest of two local males aged 21 and 28 for drug trafficking and manufacturing. The operation highlights ongoing enforcement efforts against drug-related crimes, with potential implications for the local business environment and cross-border law enforcement cooperation between Hong Kong and Mainland China. No IPO-related information is present in this article."
"February 11, 2026",黎智英判囚20年 梁愛詩：刑期合理非「走過場」 國安法從未壓迫不同政見人士,https://www.stheadline.com/politics/3543573/專訪黎智英判囚20年-梁愛詩刑期合理非走過場-國安法從未壓迫不同政見人士,"Hong Kong's judiciary has sentenced media tycoon Jimmy Lai to 20 years in prison for conspiracy to collude with foreign forces, with梁愛詩 affirming the sentence's reasonableness and emphasizing that the national security law has not suppressed political dissent. The case underscores the government's stance on safeguarding national security amid ongoing social and political tensions, highlighting the legal framework's role in shaping the investment environment and cross-border relations between Hong Kong and Mainland China."
"February 11, 2026",小行動 大希望 KFBG生態素養計劃 讓學生從「知道」到「我做得到」,https://www.stheadline.com/ad-edu/3543219/小行動-大希望-KFBG生態素養計劃-讓學生從知道到我做得到,"The KFBG ecological literacy program, supported by Hang Seng Bank, successfully engages students through hands-on activities and experiential learning to foster environmental awareness and proactive conservation efforts in Hong Kong. Schools involved report positive shifts in student attitudes, increased environmental responsibility, and deeper understanding of natural resources, contributing to a cultural shift towards sustainability. This initiative highlights the importance of experiential education in cultivating lifelong environmental values among the younger generation in Hong Kong."
"February 11, 2026",農曆新年好去處2026｜馬年好去處集合！新春節慶活動、祈福、年宵花市 一文睇清！,https://www.stheadline.com/society/3540594/農曆新年好去處2026馬年好去處集合新春節慶活動祈福年宵花市-一文睇清,"The article highlights Hong Kong's vibrant Lunar New Year celebrations in 2026, including major events such as fireworks, parades, and traditional temple activities, which are expected to boost local tourism and consumer spending. These festivities underscore Hong Kong's ongoing efforts to promote cultural tourism and strengthen cross-border cultural ties with Mainland China, potentially supporting economic recovery and market confidence amid regional social developments. No IPO-related information is provided in the article."
"February 11, 2026",狗隻准入食肆︱謝展寰：擬每名顧客最多攜兩隻狗隻入食肆  半年後就牌照條款作檢討,https://www.stheadline.com/society/3543755/狗隻准入食肆謝展寰擬每名顧客最多攜兩隻狗隻入食肆-半年後就牌照條款作檢討,"Hong Kong's environmental bureau plans to allow dogs into approved restaurants, initially allocating 500 to 1,000 licenses with a review after six months, and generally limiting each customer to bringing two dogs. The policy emphasizes a cautious, phased approach with ongoing consultations to balance business operations and public safety, reflecting a broader trend toward pet-friendly regulations in the local hospitality sector. This development could impact the restaurant industry’s operational models and regulatory compliance landscape in Hong Kong."
"February 11, 2026",清河邨單位疑電熱墊短路起火 87歲婦吸入濃煙送院 約300人疏散,https://www.stheadline.com/breaking-news/3543728/清河邨單位疑電熱墊短路起火-87歲婦吸入濃煙送院-約300人疏散,"A fire caused by a short circuit in an electric heating pad in a public housing unit in Hong Kong's Sheung Shui district resulted in the evacuation of approximately 300 residents and the hospitalization of an 87-year-old woman due to smoke inhalation. The incident highlights safety concerns related to electrical appliances in residential settings, with authorities confirming no criminal involvement. This event underscores ongoing safety and regulatory considerations within Hong Kong's densely populated housing environment, with potential implications for public safety policies and electrical appliance regulations."
"February 11, 2026",甯漢豪晤建造業商會 指整體工程數量有望回升 預留300億元撐業界,https://www.stheadline.com/society/3543729/甯漢豪晤建造業商會-指整體工程數量有望回升-預留300億元撐業界,"Hong Kong's Development Bureau, led by Secretary Ngan Hon-ho, announced plans to support the construction industry with an additional HKD 30 billion over the next two to three years, alongside measures to enhance project management and assist small and medium-sized contractors. The government expects the overall construction volume to rebound as market conditions improve, with public and private sector projects maintaining annual values around HKD 280-290 billion. These policy initiatives aim to stabilize and grow Hong Kong’s construction sector, fostering a more resilient business environment amid ongoing market adjustments."
"February 11, 2026",阿Mo復健再報喜  練習增強肌力助駕駛電動輪椅 拍片分享：係咪好威,https://www.stheadline.com/society/3543719/阿Mo復健再報喜-練習增強肌力助駕駛電動輪椅-拍片分享係咪好威,"阿Mo,一位因2022年演唱會意外受傷的港星，近日在社交平台分享其康復進展，包括練習操控電動輪椅以增強肌力，展現積極復健態度。其進步不僅提升了行動自主，也為社會帶來希望與鼓舞，反映出個人康復與社會支持的重要性。"
"February 11, 2026",港鐵工程車維修路軌後疑遺阻礙物 港島綫上環站至鰂魚涌站列車服務一度暫停近1小時,https://www.stheadline.com/breaking-news/3543736/港鐵工程車維修路軌後疑遺阻礙物-港島綫上環站至鰂魚涌站列車服務一度暫停近1小時,港鐵在港島綫灣仔站附近的路軌維修後遺留物品，導致列車服務暫停近1小時，警方調查認為工程車遺留阻礙物。事件反映港鐵安全管理及監管問題，可能影響投資者對港鐵基建和公共交通安全的信心，並引發對相關政策和監管措施的關注。
"February 11, 2026",大棋盤︱英國突放寬「BNO二三代」資格 永居同步收緊？分析：赴英工作歡迎 「閒人」免問,https://www.stheadline.com/politics/3543747/大棋盤︱英國突放寬「BNO二三代」資格-永居同步收緊？分析：赴英工作歡迎-「閒人」免問,"The UK has announced a sudden relaxation of BNO visa eligibility, extending rights to the children of Hong Kong residents born before 1997, potentially benefiting up to 26,000 people over five years, while simultaneously tightening permanent residency and language/ income requirements. This policy shift appears aimed at attracting skilled labor and capital, with political motives linked to China, amid ongoing debates over immigration and national interests. The move reflects broader geopolitical tensions and has implications for cross-border investment and migration flows between Hong Kong, the UK, and Mainland China."
"February 12, 2026",大棋盤｜第四條過海隧道勢在必行走線「東西兩難全」,https://www.stheadline.com/politics/3544096/大棋盤第四條過海隧道勢在必行走線東西兩難全,"The Hong Kong government plans to build a fourth cross-harbor tunnel to alleviate traffic congestion, with potential routes connecting either the northwest of Lantau Island to Western Hong Kong or Tsueng Kau O to Eastern Hong Kong. This infrastructure development is driven by increasing traffic demands and urban expansion, particularly around new housing projects, and reflects strategic considerations balancing economic growth and transportation capacity. The project underscores ongoing efforts to enhance cross-border connectivity and support Hong Kong's integration with mainland China’s broader development initiatives."
"February 12, 2026",杜拜抵港航班再現「機艙老鼠」 內地漢認偷乘客逾4.2萬元鑽戒及手鐲 還押候懲,https://www.stheadline.com/society/3544136/杜拜抵港航班再現機艙老鼠-內地漢認偷乘客逾42萬元鑽戒及手鐲-還押候懲,"A mainland Chinese man was arrested after stealing a diamond ring and Dior bracelet valued at over HKD 42,000 from a passenger on an Emirates flight from Dubai to Hong Kong, highlighting concerns over cross-border criminal activities targeting affluent travelers. The case underscores the importance of heightened security and regulatory scrutiny in cross-border air travel, with authorities emphasizing deterrence through severe sentencing to prevent similar incidents and protect the integrity of Hong Kong’s aviation and tourism sectors."
"February 12, 2026",農曆新年︱入境處料10日假期1138萬人次進出本港 952萬循陸路 情人節為出境高峰,https://www.stheadline.com/society/3544126/農曆新年入境處料10日假期1138萬人次進出本港-952萬循陸路-情人節為出境高峰,"During the Lunar New Year holiday, Hong Kong anticipates a total of approximately 11.38 million entries and exits across land, sea, and air borders, with peak outbound traffic on February 14 and inbound traffic on February 22. The government has deployed additional resources and maintained current border crossing times to manage the high volume, especially at key crossings like Lo Wu and Shenzhen Bay, reflecting ongoing efforts to facilitate cross-border movement amid regional travel surges. This influx underscores the importance of border management policies and cross-border economic activity during peak travel periods."
"February 12, 2026",西貢青年露營突頭暈嘔吐 GFS凌晨接走送院,https://www.stheadline.com/breaking-news/3544086/西貢青年露營突頭暈嘔吐-GFS凌晨接走送院,"A 21-year-old man experienced a sudden health emergency—including dizziness, chest pain, fever, and vomiting—while camping at Sai Kung's West Bay Campground, prompting a rescue operation involving a helicopter and subsequent hospital transfer. The incident highlights the importance of emergency preparedness in remote outdoor locations and may influence safety regulations and health advisories for outdoor recreational activities in Hong Kong. No specific policy or regulatory changes are mentioned, and the event does not directly impact investment or market conditions."
"February 12, 2026",天文台｜下午部分時間有陽光 最高氣溫約21度 吹和緩至清勁偏東風,https://www.stheadline.com/society/3544088/天文台下午部分時間有陽光-最高氣溫約21度-吹和緩至清勁偏東風,"The Hong Kong Observatory forecasts that the weather will be partly sunny this afternoon with a maximum temperature of approximately 21°C, accompanied by gentle to moderate easterly winds. This weather update indicates stable conditions that could support ongoing economic activities and cross-border interactions between Hong Kong and Mainland China. No specific policy, regulatory, or market implications are mentioned in the article."
"February 12, 2026",大埔廣福邨夫婦疑爭拗買新電視 妻菜刀斬傷丈夫背部 涉傷人被捕,https://www.stheadline.com/breaking-news/3544027/大埔廣福邨夫婦疑爭拗買新電視-妻菜刀斬傷丈夫背部-涉傷人被捕,"A couple in Tai Po's Kwong Fuk Estate was involved in a violent dispute over purchasing a new television, resulting in the wife stabbing the husband in the back with a kitchen knife. The 50-year-old woman was arrested, and the husband sustained two knife wounds but was conscious and hospitalized for treatment. This incident highlights ongoing social tensions and the importance of conflict resolution within local communities in Hong Kong."
"February 12, 2026",議政隨想︱譚鎮國：《以行動回應期盼 用實幹對接發展》,https://www.stheadline.com/politics/3544104/議政隨想譚鎮國以行動回應期盼-用實幹對接發展,"The article highlights Hong Kong legislator Tam Tsz-kuo's commitment to addressing public concerns through practical policies, including advancing regulations on electric mobility tools and promoting the development of the Northern New Territories as a key economic engine. These initiatives aim to enhance the business environment, foster regional growth, and align with national strategies, thereby creating favorable conditions for investment and cross-border economic integration between Hong Kong and Mainland China."
"February 12, 2026",每日雜誌｜牽一「網」動全身  承建商歎年關難過  有工友12月停工至今 冀政府多推公務工程解困,https://www.stheadline.com/society/3544094/每日雜誌牽一網動全身-承建商歎年關難過-有工友12月停工至今-冀政府多推公務工程解困,"The Hong Kong construction industry faces significant challenges following government-mandated demolition of scaffolding nets after the宏福苑大火, leading to widespread工人停工 and資金鏈斷裂, with over 5,000工友 affected and industry costs soaring due to safety compliance and高薪搶人. The industry is urging increased公務工程 and政府支援措施 to stabilize the market and prevent企業倒閉, amid ongoing policy adjustments and heightened safety standards impacting construction costs and operations."
"February 12, 2026",法國抵港航班乘客失銀行卡及近$20萬財物 內地男涉盜竊被捕,https://www.stheadline.com/breaking-news/3544090/法國抵港航班乘客失銀行卡及近20萬財物-內地男涉盜竊被捕,"A 45-year-old mainland Chinese man was arrested after allegedly stealing valuables—including bank cards, jewelry worth approximately 150,000 HKD, and 43,000 HKD in cash—from a passenger on a flight from France to Hong Kong. The incident highlights ongoing security concerns at Hong Kong's airport, with implications for cross-border travel safety and regulatory enforcement. There are no IPO-related details in this article."
"February 12, 2026",飛機迷疑網售墮海貨機碎片 民航意外調查機構：已就事件通知警方,https://www.stheadline.com/breaking-news/3544004/飛機迷疑網售墮海貨機碎片-民航意外調查機構已就事件通知警方,"Hong Kong authorities have notified police after a social media seller attempted to auction fragments believed to be from a crashed cargo aircraft involved in a fatal accident at Hong Kong International Airport. The incident highlights ongoing concerns over the mishandling and sale of aircraft debris related to aviation accidents, with regulatory agencies emphasizing the importance of proper evidence handling and investigation procedures amid heightened scrutiny of aviation safety and security practices."
"February 12, 2026",大埔寶馬遇查逃走連撞3車 的士女司機及2警員受傷,https://www.stheadline.com/breaking-news/3544125/大埔寶馬遇查逃走連撞3車-的士女司機及2警員受傷,"A BMW vehicle suspected of having expired registration attempted to evade police in Tai Po, Hong Kong, resulting in a high-speed chase that caused a four-vehicle collision, injuring a female taxi driver and two police officers. This incident highlights ongoing challenges in law enforcement and road safety, with potential implications for traffic regulation enforcement policies in Hong Kong. No IPO-related information is present in the article."
"February 12, 2026",申請「天倫樂調遷」4個月後極速配房 母親大屋搬細屋與粉嶺女兒同邨同座 網民：快得咁緊要｜Juicy叮,https://www.stheadline.com/local-topics/3544108/申請天倫樂調遷4個月後極速配房-母親大屋搬細屋與粉嶺女兒同邨同座-網民快得咁緊要Juicy叮,"A public housing applicant in Hong Kong received a rapid transfer to a suitable unit within four months under the ""Tianlun Le"" relocation plan, enabling her mother to move from a larger to a smaller unit and live nearby her daughter in Fanling. This swift allocation highlights the efficiency of recent policy adjustments aimed at facilitating family reunification and caregiving arrangements within public housing, potentially influencing future investment in social infrastructure and housing development projects in Hong Kong."
"February 12, 2026",港鐵港島綫事故︱陳恒鑌關注工程車是否依足程序 張欣宇：不排除流程疏忽,https://www.stheadline.com/society/3544110/港鐵港島綫事故陳恒鑌關注工程車是否依足程序-張欣宇不排除流程疏忽,港鐵港島綫發生列車阻路事故，疑由工程車未依程序操作或零件老化引起，相關調查將聚焦於員工培訓及設備更新，以防類似事件再次發生。此事件凸顯香港公共交通安全管理的挑戰，可能促使相關政策和監管措施的調整，影響未來基建投資與運營策略。
"February 12, 2026",慎防市民北上後攜蘭花及瀕危物種回港 海關與內地合作加強宣傳,https://www.stheadline.com/breaking-news/3544118/慎防市民北上後攜蘭花及瀕危物種回港-海關與內地合作加強宣傳,"Hong Kong customs, in collaboration with mainland China authorities, has intensified efforts to prevent travelers from bringing endangered species, such as orchids, into Hong Kong, emphasizing legal compliance and environmental protection. This cross-border cooperation highlights ongoing regulatory measures affecting trade and travel, with potential implications for businesses involved in the import/export of protected species and related sectors. The initiative underscores the importance of legal adherence in cross-border trade, impacting investment considerations in environmental and compliance-related industries."
"February 12, 2026",宏福苑大火後，政府下達「拆棚網令」，行業面臨的後續挑戰仍未平息。,https://www.stheadline.com/society/3544136/宏福苑大火後-政府下達-拆棚網令-行業面臨的後續挑戰仍未平息,"The article reports on a recent incident involving a Chinese national who was arrested for theft and disruptive behavior on an Emirates flight from Dubai to Hong Kong, highlighting concerns over cross-border criminal activities and the potential impact on airline security and cross-border law enforcement cooperation. The case underscores ongoing regulatory and security challenges in Hong Kong’s aviation sector, with implications for cross-border law enforcement and the business environment, especially regarding the enforcement of stricter security measures following the fire at Hong福苑 and the government’s ""拆棚網令"" policy."
"February 12, 2026",北角劏房起火 男住戶頭暈送院近60住客疏散 疑拖板短路肇禍,https://www.stheadline.com/breaking-news/3544080/北角劏房起火-男住戶頭暈送院近60住客疏散-疑拖板短路肇禍,"A fire in a subdivided unit at North Point's Wo Fu Building was caused by a suspected short circuit of a power strip, resulting in smoke damage and a male resident experiencing dizziness, leading to hospital treatment. Nearly 60 residents evacuated safely, highlighting ongoing safety concerns in Hong Kong's subdivided housing sector, which may influence regulatory scrutiny and urban safety policies. This incident underscores the importance of fire safety regulation enforcement in Hong Kong's densely populated and subdivided housing market, with potential cross-border implications for safety standards and urban management policies."
"February 12, 2026",珍惜生命｜葵興邨七旬婦倒臥平台 送院搶救不治,https://www.stheadline.com/breaking-news/3544028/珍惜生命葵興邨七旬婦倒臥平台-送院搶救不治,"A 78-year-old woman in Kwai Chung died after falling from a platform in Kwai Hing Estate, with police suspecting a fall from height; no suicide note was found, and her death is pending further investigation. This incident highlights ongoing social concerns regarding mental health and safety, which may influence community and social policy considerations in Hong Kong. There are no direct implications for investment, market, or cross-border economic activities based on this report."
"February 13, 2026",大棋盤｜電動車「一換一」計劃將告終？行會成員籲勿一刀切 倡分兩階段削稅務寬免,https://www.stheadline.com/politics/3544448/大棋盤電動車一換一計劃將告終行會成員籲勿一刀切-倡分兩階段削稅務寬免,"The Hong Kong government is considering ending the ""trade-in"" subsidy program for electric vehicles (EVs), with proposals to phase down tax incentives in two stages amid a rapidly growing EV market where over 70% of new private cars are electric. Policymakers suggest shifting focus toward infrastructure development, such as fast-charging networks, while industry leaders emphasize the continued importance of tax incentives to sustain EV adoption and industry growth, especially in cross-border environmental initiatives with Mainland China. This regulatory shift could impact EV market dynamics, investment strategies, and cross-border environmental collaborations in Hong Kong."
"February 13, 2026",東薈城外撞傷兩途人不小心駕駛罪成 司機被判80小時社服令 官指事主責任較被告大,https://www.stheadline.com/society/3544485/東薈城外撞傷兩途人不小心駕駛罪成-司機被判80小時社服令-官指事主責任較被告大,"A 57-year-old driver was convicted of careless driving after hitting two pedestrians outside East Hoi City, resulting in a social service order of 80 hours. The court emphasized shared responsibility, noting the pedestrians' higher fault due to crossing outside designated areas, and highlighted the driver's clean record and remorse. This case underscores the importance of road safety and shared accountability in Hong Kong's traffic regulations."
"February 13, 2026",余仁生 傳統中藥品牌數碼轉型 連結新世代與大灣區市場,https://www.stheadline.com/ad-activity/3542484/余仁生-傳統中藥品牌數碼轉型-連結新世代與大灣區市場,余仁生，具有逾百年歷史的傳統中藥品牌，正透過數碼轉型，包括建立自家APP和與社交媒體合作，來連結新世代及大灣區市場，並推動跨境電商發展。品牌獲得香港零售管理協會的多項獎項，彰顯其在數碼化和新零售策略上的成功，並積極拓展內地市場，深化與內地合作，推動中藥文化的現代化與國際化。
"February 13, 2026",AI詐騙像真度高 可模仿上司親友 黃國促修例打擊 鍾麗玲：涉刑事條例 將配合律政司工作,https://www.stheadline.com/politics/3544477/AI詐騙像真度高-可模仿上司親友-黃國促修例打擊-鍾麗玲涉刑事條例-將配合律政司工作,"Hong Kong authorities are considering legislative amendments to combat AI-generated scams that can convincingly imitate individuals such as colleagues or family members, with the Law Department forming a cross-departmental task force to support enforcement. The Privacy Commissioner highlighted ongoing efforts to educate students on AI privacy risks and strengthen data security in schools following recent data breaches. These developments reflect increased regulatory focus on AI and data protection, with potential implications for the local business environment and cross-border cooperation with Mainland China in cybersecurity and legal enforcement."
"February 13, 2026",電動車普及化路線圖更新版出爐助力國家發展   增高速充電樁推動電動商用車規模化,https://www.stheadline.com/society/3544290/電動車普及化路線圖更新版出爐助力國家發展-增高速充電樁推動電動商用車規模化,"The Hong Kong government has updated its electric vehicle (EV) development roadmap, aiming to support the industry's growth through measures such as increasing public fast-charging stations to approximately 10,000 by 2035, capable of supporting around 50 million EVs. The plan emphasizes expanding EV maintenance training, establishing battery recycling facilities, and promoting commercial EV adoption, aligning with mainland China's dominance in the global EV market and fostering cross-border infrastructure development. These policy enhancements signal a strategic shift to bolster Hong Kong's EV ecosystem, potentially attracting investments in charging infrastructure, green technology, and related sectors."
"February 13, 2026",黃百鳴涉天馬影視內幕交易案 5.8裁決,https://www.stheadline.com/society/3544468/黃百鳴涉天馬影視內幕交易案-58裁決,"Hong Kong's securities regulator has charged 79-year-old director Wong Pak-ming with insider trading related to Tianma Film & Television, involving a scheme where his sister was encouraged to purchase shares during a period of insider knowledge. The case, which highlights ongoing regulatory scrutiny of insider trading and corporate governance, is scheduled for judgment on May 8, with Wong granted bail. This development underscores the tightening regulatory environment in Hong Kong's financial markets, with cross-border implications for corporate transparency and investor protection."
"February 13, 2026",珍惜生命│小西灣邨42歲男疑財困燒炭 母親發現惜太遲,https://www.stheadline.com/breaking-news/3544459/珍惜生命小西灣邨42歲男疑財困燒炭-母親發現惜太遲,"A 42-year-old man in Chai Wan’s Siu Sai Wan Estate died after allegedly setting himself on fire due to financial difficulties, with his mother discovering him too late. The incident highlights ongoing social concerns related to mental health and economic stress in Hong Kong, underscoring the need for strengthened support services amidst the region's economic challenges."
"February 13, 2026",生蠔食物中毒｜過去三周87%個案涉諾如病毒 生蠔主打餐廳生意減四成,https://www.stheadline.com/society/3544455/生蠔食物中毒過去三周87個案涉諾如病毒-生蠔主打餐廳生意減四成,"Recent reports indicate a significant rise in norovirus-related food poisoning cases in Hong Kong, primarily linked to contaminated live oysters, leading to a 40% decline in sales for oyster-focused restaurants. The government has responded by suspending imports from South Korea and advising consumers to opt for thoroughly cooked seafood, reflecting heightened food safety concerns that could impact the local seafood supply chain and cross-border trade policies. Additionally, ongoing public health measures and potential future virus activity may influence the broader business environment and consumer behavior in Hong Kong."
"February 13, 2026",政府舉行十五運會和殘特奧會香港代表團嘉許禮 李家超﹕港健兒締歷史佳績  證培訓精英運動員方向正確,https://www.stheadline.com/society/3544447/政府舉行十五運會和殘特奧會香港代表團嘉許禮-李家超﹕港健兒締歷史佳績-證培訓精英運動員方向正確,"The Hong Kong government held a ceremony to honor athletes from the 15th National Games and the Paralympic Games, highlighting record achievements and emphasizing the success of its elite sports training policies. With over 1,300 athletes participating in the main event and 280 in the Paralympics, Hong Kong secured a total of 142 medals, reflecting significant improvements in its sports development and government investment, which has doubled to over HKD 92 billion in the past decade. This demonstrates the region's strategic focus on fostering sports excellence within the broader context of its integration with Mainland China and the Greater Bay Area."
"February 13, 2026",阿布扎比飛港航機男乘客遭偷去值30萬手錶 1港女1內地漢斷正被捕,https://www.stheadline.com/breaking-news/3544442/阿布扎比飛港航機男乘客遭偷去值30萬手錶-1港女1內地漢斷正被捕,"Hong Kong police have arrested a 40-year-old local woman and a 32-year-old mainland man in connection with the theft of a HKD 300,000 watch from a passenger on a flight from Abu Dhabi, highlighting ongoing concerns over security and theft risks in cross-border travel. Additionally, a 69-year-old woman was detained for attempting to carry prohibited items, such as pepper spray, through airport security, underscoring heightened enforcement of regulations and the importance of vigilance in the aviation sector. These incidents reflect the continued emphasis on security measures and legal compliance affecting the business environment and cross-border mobility in Hong Kong."
"February 13, 2026",食環署14年宵行大運 區區夜繽紛迎丙午馬年 播賀年歌曲添打卡點 預計可吸引230萬人次入場,https://www.stheadline.com/society/3544245/食環署14年宵行大運-區區夜繽紛迎丙午馬年-播賀年歌曲添打卡點-預計可吸引230萬人次入場,"The Hong Kong Food and Environmental Hygiene Department is organizing its 14th annual Lunar New Year fair across 14 districts, expecting to attract approximately 2.3 million visitors, similar to previous years. The event emphasizes cultural activities, festive music, and family-friendly photo opportunities, with policies maintaining restrictions on gambling and alcohol sales to ensure public safety. This initiative reflects ongoing government efforts to promote local commerce and cultural engagement amid a stable economic environment, with no significant policy changes impacting cross-border investment or market regulation noted."
"February 13, 2026",天文台｜日間大致天晴 氣溫介乎17至23度 吹和緩偏東風,https://www.stheadline.com/society/3544439/天文台日間大致天晴-氣溫介乎17至23度-吹和緩偏東風,"The Hong Kong Observatory forecasts largely clear weather with temperatures ranging from 17 to 23°C and gentle easterly winds, influenced by a prevailing easterly airflow affecting Guangdong. The upcoming days are expected to be humid and warm, with cooler mornings around the Lunar New Year holiday period. This weather outlook may impact local economic activities, particularly outdoor events and tourism, amid ongoing regional climate considerations."
"February 13, 2026",每日雜誌‧人物誌｜歷7次拆遷守志記招牌 王鴻權為木藝傳承引路,https://www.stheadline.com/society/3544301/每日雜誌人物誌歷7次拆遷守志記招牌-王鴻權為木藝傳承引路,"Hong Kong wooden craftsman Wang Hongquan, who has faced seven relocations due to government land seizures, has recently reopened his workshop in Lianmakan, on private land, marking a more stable phase in his industry. Despite personal health challenges, he continues to promote traditional woodworking skills and environmental sustainability through training and repurposing recycled wood, reflecting resilience amidst regulatory and economic shifts affecting small-scale artisanal businesses in Hong Kong."
"February 13, 2026",年宵｜攤位須設沙袋或注水底座 加固防吹塌,https://www.stheadline.com/society/3544264/年宵攤位須設沙袋或注水底座加固防吹塌,"The Hong Kong Food and Environmental Hygiene Department has mandated that stalls at the Lunar New Year fair must secure tents with sandbags or water-filled bases to prevent collapse due to strong winds, following previous incidents of tent collapse. The event involves extensive coordination among multiple government departments, with significant manpower allocated for preparation, safety, and operations. This regulatory update underscores increased safety measures and cross-departmental collaboration to ensure the stability and safety of traditional cultural events, reflecting a proactive approach to risk management in the local business environment."
"February 13, 2026",年宵｜出門前參考食環署網頁  紅黃綠燈顯示人流,https://www.stheadline.com/society/3544255/年宵出門前參考食環署網頁紅黃綠燈顯示人流,"The article reports that Hong Kong's Food and Environmental Hygiene Department will display real-time crowd levels at Lunar New Year markets using red, yellow, and green indicators on their website to help the public plan visits safely amid high visitor numbers, with last year's market attracting over 740,000 visitors. Enhanced crowd monitoring measures, including additional sensors and AI integration, are being implemented to manage the large influx of visitors, especially during peak times, while balancing event duration and public safety. These developments reflect ongoing efforts to ensure a secure and well-regulated social environment during major cultural celebrations, with implications for public safety management and urban event planning in Hong Kong."
"February 13, 2026",食環署14年宵行大運區區夜繽紛迎丙午馬年  播賀年歌曲添打卡點  預計可吸引230萬人次入場,https://www.stheadline.com/society/3544245/食環署14年宵行大運區區夜繽紛迎丙午馬年-播賀年歌曲添打卡點-預計可吸引230萬人次入場,"The Hong Kong Food and Environmental Hygiene Department is hosting its 14th annual district night market event from February 11-17, attracting an estimated 2.3 million visitors, with activities including festive music, photo opportunities, and local performances to boost community engagement. The event maintains strict regulations, prohibiting games and alcohol sales to ensure safety and order, while also offering lower booth prices to encourage participation amid economic challenges. This initiative reflects ongoing efforts to stimulate local commerce and community cohesion during the Lunar New Year, with potential positive implications for small business activity and tourism in Hong Kong."
"February 13, 2026",香港科技園與華潤集團 「衝出夢想」計劃 助創科人才對接產業,https://www.stheadline.com/ad-innovation/3544247/香港科技園與華潤集團-衝出夢想計劃-助創科人才對接產業,"The Hong Kong Science Park and China Resources Group launched the ""Break Out Dreams"" initiative, supported by a HKD 100 million donation, to foster innovation and entrepreneurship among Hong Kong youth, facilitating deeper integration with mainland China's markets and industry resources. The program aims to enhance cross-border collaboration, talent development, and market commercialization, aligning with national strategies to position Hong Kong as an international innovation hub. This initiative underscores ongoing policy efforts to strengthen Hong Kong's role in the Greater Bay Area and promote innovation-driven economic growth."
"February 16, 2026",消委會植髮︱生髮療程標榜「一次見效」惟無效兼拒退款 植髮聲稱維持六年 竟一年內掉光！,https://www.stheadline.com/society/3545260/消委會植髮生髮療程標榜一次見效惟無效兼拒退款-植髮聲稱維持六年-竟一年內掉光,"The Consumer Council in Hong Kong has received multiple complaints regarding hair restoration treatments that falsely claim ""immediate results"" or long-lasting effects, with some patients experiencing minimal or no improvement and their hair falling out within a year. The report highlights the need for stricter regulation and transparency from service providers to protect consumers, amid ongoing concerns about misleading marketing practices in the health and beauty sector. This situation underscores the importance for regulatory oversight to ensure fair business practices, especially as consumer confidence in aesthetic treatments remains sensitive amidst broader market and regulatory developments."
"February 16, 2026",星島申訴王｜DIY全城瘋搶杜拜朱古力麻糬   免排隊免開火    4種超市零食輕鬆整,https://www.stheadline.com/voice-topics/3544622/星島申訴王DIY全城瘋搶杜拜朱古力麻糬-免排隊免開火-4種超市零食輕鬆食譜,"The article reports on a DIY method for recreating Dubai-style chocolate mochi using readily available supermarket ingredients, offering a cost-effective alternative to expensive store-bought versions amid high demand and long queues in Hong Kong. It highlights consumer interest in popular Asian desserts and the trend of homemade adaptations, reflecting ongoing social and culinary shifts without direct policy or market implications. No IPO-related information is present in the article."
"February 16, 2026",消委會泊車優惠︱停車場廣告暗藏陷阱 「24小時任泊」稱收$145埋單變千二蚊？ 一項細節玩謝消費者,https://www.stheadline.com/society/3545248/消委會泊車優惠停車場廣告暗藏陷阱-24小時任泊稱收145埋單變千二蚊-一項細節玩謝消費者,"The Consumer Council in Hong Kong highlighted misleading parking advertisements, where terms such as ""24-hour unlimited parking"" can result in significantly higher charges, exemplified by a case where a driver paid HKD 1,210 instead of HKD 145. The report emphasizes the importance of clear and transparent signage of terms and conditions to prevent consumer disputes, especially regarding parking fees, electronic payment definitions, and time-limited offers. This regulatory focus on consumer protection may influence business practices and advertising standards within Hong Kong's retail and service sectors."
"February 16, 2026",消委會香水︱法國ASTIER檢出塑化劑 2款檢出歐盟禁用鈴蘭醛 $149 Adopt媲美$1600 CHANEL？,https://www.stheadline.com/society/3545250/消委會香水法國ASTIER檢出塑化劑-2款檢出歐盟禁用鈴蘭醛-149-Adopt媲美1600-CHANEL,"The Consumer Council's recent testing of 40 perfume samples revealed significant improvements in safety since 2018, with most products free from EU-banned substances. However, two fragrances, including one priced at HKD 149, were found to contain banned or potentially allergenic ingredients, highlighting ongoing regulatory concerns. This underscores the importance for investors and businesses in the cosmetics sector to monitor evolving safety standards and regulatory compliance, especially amid cross-border trade between Hong Kong and Mainland China."
"February 16, 2026",學者、前官員組智庫「未來經濟學院」 研公營房屋、人口政策等議題,https://www.stheadline.com/politics/3544873/學者前官員組智庫未來經濟學院-研公營房屋人口政策等議題,"A new think tank, ""Future Economics Institute,"" founded by scholars and former officials in Hong Kong, is focusing on long-term policy issues such as public housing and population strategies, aiming to provide practical, data-driven recommendations to address Hong Kong’s socio-economic challenges. The institute emphasizes the need for systemic, forward-looking planning amid ongoing debates about the policy research landscape and Hong Kong’s governance, with potential implications for regional policy coordination with Mainland China. No IPO-related information is provided in the article."
"February 16, 2026",大灣區航空飛台北遇大霧 盤旋7圈折返加油 航程變逾7小時。Flightradar24.com截圖,https://www.stheadline.com/breaking-news/3545224/大灣區航空飛台北遇大霧-盤旋7圈折返加油-航程變逾7小時乘客叫苦,"A Hong Kong-based airline's flight to Taipei was delayed due to dense fog at Taoyuan Airport, causing the aircraft to circle seven times and return to Hong Kong for refueling, resulting in a total travel time exceeding seven hours—significantly longer than the planned two hours. This incident highlights the ongoing impact of weather-related disruptions on cross-border air travel, potentially affecting regional transportation policies and operational planning between Hong Kong and Mainland China. The event underscores the importance of weather contingency measures in the aviation sector amidst evolving logistical challenges."
"February 16, 2026",葵涌邨夏葵樓停電約四小時至凌晨1時半恢復 居民：政府效率十分高,https://www.stheadline.com/breaking-news/3545216/葵涌邨夏葵樓停電約四小時至凌晨1時半恢復-居民政府效率十分高,"The article reports a power outage at Kwai Chung Estate's Hiu Kwai House, affecting approximately 800 residents for about four hours due to a suspected water-induced short circuit in the electrical room. The incident highlights efficient emergency response and repair efforts by local authorities, reflecting positively on government crisis management. While primarily a local infrastructure event, it underscores the importance of resilient utility services in Hong Kong's business environment, especially amid ongoing urban development and cross-border connectivity initiatives with Mainland China."
"February 16, 2026",驚嚇畫面｜荃灣金毛男當街持刀指罵垃圾車　路人惶恐走避,https://www.stheadline.com/breaking-news/3545187/驚嚇畫面荃灣金毛男當街持刀指罵垃圾車司機路人惶恐走避,"A man in Tsuen Wan was arrested after damaging a garbage truck and threatening its driver with a watermelon knife, causing panic among bystanders. The incident, linked to dissatisfaction with sanitation services, highlights ongoing social tensions in Hong Kong, which could influence local public safety policies and community relations affecting the investment climate. No IPO-related information is present in this article."
"February 16, 2026",坪洲女子家中廁所暈倒  家人發現送院搶救,https://www.stheadline.com/breaking-news/3545156/坪洲女子家中廁所暈倒-家人發現送院搶救,"A 48-year-old woman in Peng Chau collapsed in her home bathroom and was rushed to hospital after being discovered by family members. The incident is under investigation, with authorities treating it as a case of ""someone fainted,"" and the cause remains unclear. This event highlights ongoing public health concerns but does not indicate immediate policy or economic implications."
"February 16, 2026",葵涌邨夏葵樓全幢停電約800戶受影響 大批住戶摸黑落樓逃生 凌晨恢復電力,https://www.stheadline.com/breaking-news/3545148/葵涌邨夏葵樓全幢停電約800戶受影響-大批住戶摸黑落樓逃生-凌晨恢復電力,"A power outage affected approximately 800 households in the Summer Kwai Building of Kwai Chung Estate, caused by suspected water leakage into the electrical machinery room, leading to a temporary blackout and emergency evacuations. The Hong Kong Housing Authority and CLP Power swiftly responded, restoring power by early morning after repairs. This incident highlights ongoing infrastructure maintenance challenges in public housing, with potential implications for safety regulations and investment in urban utilities infrastructure."
"February 16, 2026",送蛇迎馬 賽馬會公眾騎術學校 助市民認識馬匹,https://www.stheadline.com/society/3545237/送蛇迎馬-賽馬會公眾騎術學校-助市民認識馬匹,"The Jockey Club Public Equestrian School in Hong Kong is offering opportunities for residents to engage with horses, including visits to its facilities in Tuen Mun, Lei Yue Mun, and Pok Fu Lam, with the latter having recently undergone reconstruction. The article highlights the daily care routines of horses and emphasizes the importance of experienced supervision for first-time visitors, reflecting efforts to promote public understanding of equestrian activities amidst ongoing community engagement initiatives. There are no specific policy, economic, or market implications related to investments or IPOs in this article."
"February 16, 2026",機場離境大堂外籍漢搗亂 推倒智能櫃枱砸爛鐵柱 涉刑毀等2罪被捕,https://www.stheadline.com/breaking-news/3545228/機場離境大堂外籍漢搗亂-推倒智能櫃枱砸爛鐵柱-涉刑毀等2罪被捕,"A foreign national was arrested at Hong Kong International Airport after damaging property, including pushing over smart check-in kiosks and smashing metal pillars, during a disruptive incident in the departure hall. The event highlights ongoing security and social stability concerns at key transportation hubs, which could impact cross-border travel and investment confidence in Hong Kong’s business environment. No IPO-related information is provided in the article."
"February 16, 2026",大棋盤︱民建聯下月換屆 未來強化人才培訓、危機應對,https://www.stheadline.com/politics/3545230/大棋盤︱民建聯下月換屆-未來強化人才培訓危機應對,"The Hong Kong Democratic Alliance for the Betterment and Progress of Hong Kong (DAB) plans to hold its leadership election in March, with a focus on strengthening talent training and crisis management, especially following recent controversies such as the宏福苑火災. The party aims to enhance internal training programs and improve crisis response strategies amid ongoing political and social challenges, reflecting a strategic emphasis on stability and governance in the local political landscape."
"February 16, 2026",除夕天氣｜天文台今早錄最低氣溫22度 有記錄以來除夕最高紀錄,https://www.stheadline.com/society/3545227/除夕天氣天文台今早錄最低氣溫22度-有記錄以來除夕最高紀錄,"The Hong Kong Observatory reported a record high minimum temperature of 22°C on Lunar New Year's Eve, surpassing previous historical records, amid weak Guangdong winds and approaching northeast monsoon conditions. The weather forecast indicates continued warmth during the day with temperatures reaching around 28°C, followed by brief showers and strengthening winds tonight as the monsoon arrives, impacting the region's climate and potentially influencing local economic activities dependent on weather conditions."
"February 16, 2026",專訪│「嘉應高昇」馬主梁錫光馬年談愛駒　馬匹鬥心強　如同香港人獅子山精神,https://www.stheadline.com/society/3545215/專訪嘉應高昇馬主梁錫光馬年談愛駒馬匹鬥心強如同香港人獅子山精神,"Hong Kong horse owner梁錫光 highlights the resilience and fighting spirit of his champion racehorse「嘉應高昇」, drawing parallels to Hong Kong's ""Lion Rock Spirit"" amid the city’s vibrant racing and tourism development. The article underscores the positive impact of Hong Kong’s well-developed infrastructure and tourism potential on the racing industry, emphasizing its cross-border appeal and economic significance. No IPO-related information is present in the article."
"February 16, 2026",輔警系列｜正職守護動物 輔警處理案件有裨益：從中學習調查技巧 有助處理虐畜案,https://www.stheadline.com/breaking-news/3545086/輔警系列正職守護動物-輔警處理案件有裨益-從中學習調查技巧-有助處理虐畜案,"The article highlights how auxiliary police officers in Hong Kong, such as those involved in animal protection, gain valuable investigative skills through their roles, which enhance their effectiveness in handling animal cruelty cases and contribute to community safety. It underscores the integration of auxiliary police work with professional animal rescue and law enforcement efforts, reflecting a collaborative approach that benefits both public safety and animal welfare. This development emphasizes the importance of cross-sector training and cooperation in strengthening Hong Kong’s social and law enforcement infrastructure."
"February 20, 2026",大棋盤︱宏福苑長遠安置方案快公布 消息：政府擬收購業權 放棄原址重建,https://www.stheadline.com/politics/3545862/大棋盤宏福苑長遠安置方案快公布-消息政府擬收購業權-放棄原址重建,"The Hong Kong government is expected to announce a long-term resettlement plan for Hong福苑 residents affected by the recent fire, with a likely focus on purchasing property rights and abandoning original site reconstruction, as most residents prefer quick relocation over rebuilding. This policy shift aims to streamline compensation and recovery processes, potentially influencing the local property market and cross-border investment climate by prioritizing government-led solutions over prolonged redevelopment efforts. The move reflects ongoing social and political considerations in managing urban disaster recovery and housing stability in Hong Kong."
"February 20, 2026",財政預算案2026｜陳恒鑌倡抽獎式消費券設百萬大獎  林筱魯促設大灣區人才庫配對勞動力,https://www.stheadline.com/politics/3545987/財政預算案2026陳恒鑌倡抽獎式消費券設百萬大獎-林筱魯促設大灣區人才庫配對勞動力,"The Hong Kong government is considering implementing a lottery-style electronic consumption voucher scheme, with proposals including a HKD 100 million grand prize, to stimulate local spending amid economic challenges. Additionally, policymakers are advocating for the creation of a Greater Bay Area talent pool and reviewing employment and training programs to address structural labor market issues, reflecting efforts to enhance cross-border economic integration and social stability. These initiatives aim to boost economic activity, support workforce transformation, and strengthen Hong Kong’s regional competitiveness."
"February 20, 2026",財政預算案．前瞻︱庫房止血「派糖」力度料增 政界：今年可「少甜」分享成果 惟消費券吹淡風,https://www.stheadline.com/politics/3545338/財政預算案前瞻庫房止血派糖力度料增-政界今年可少甜分享成果-惟消費券吹淡風,"Hong Kong's government anticipates increased fiscal stimulus through enhanced ""share the fruits"" measures, including targeted support such as medical and elderly care subsidies, amid a significantly improved fiscal outlook with projected minimal or no deficit for 2026. The government’s cautious approach to consumption vouchers and targeted resource allocation reflects concerns over long-term fiscal sustainability, especially given the reliance on volatile land-related revenues and government bond issuance. These policy shifts suggest a more prudent investment environment with a focus on sustainable growth and targeted social support, amid ongoing economic recovery and geopolitical uncertainties."
"February 20, 2026",宏福苑安置︱保險業聯會：20億火險賠償非「每戶派100萬」 業權售予政府或更簡單直接,https://www.stheadline.com/society/3545802/宏福苑安置︱保險業聯會20億火險賠償非「每戶派100萬」 業權售予政府或更簡單直接,"The Hong Kong government is considering a long-term resettlement plan for Mak Fung Court, with insurance claims for fire damage estimated at a cap of HKD 2 billion, primarily covering structural repairs rather than direct cash payouts. Insurance industry officials clarified that the compensation aims to restore the building's structure, and if the property is sold to the government, the insurance claims will transfer accordingly, simplifying the process for residents. This approach reflects a shift towards government-led recovery and compensation mechanisms, potentially impacting property management and insurance sectors in Hong Kong."
"February 20, 2026",財政預算案前瞻｜政黨倡降烈酒稅門檻至100元 業界：經濟效益足彌補酒稅損失,https://www.stheadline.com/politics/3543996/財政預算案2026前瞻政黨倡降烈酒稅門檻至100元-業界經濟效益足彌補酒稅損失,"Hong Kong policymakers and industry stakeholders are advocating for reducing the烈酒 (spirits) tax threshold to HKD 100, aiming to stimulate night economy activities and attract international wine merchants, with industry leaders suggesting that economic benefits from increased consumption and investment could offset potential tax revenue losses. The proposals include lowering or abolishing烈酒稅 (spirits tax) to enhance the competitiveness of Hong Kong’s beverage and hospitality sectors, potentially boosting local employment and cross-border trade, especially with Mainland China. These policy shifts reflect efforts to revitalize Hong Kong’s business environment amid ongoing social and economic challenges."
"February 20, 2026",油麻地果欄雪櫃遭淋白油 口罩男得手即逃 警列刑毀追緝,https://www.stheadline.com/breaking-news/3545956/油麻地果欄雪櫃遭淋白油-口罩男得手即逃警列刑毀追緝,"A masked individual vandalized a refrigerated display at a fruit stall in Yau Ma Tei by pouring white oil and fleeing immediately, with police actively investigating and reviewing CCTV footage. This incident highlights ongoing concerns over public safety and property security in Hong Kong's street markets, potentially affecting local business operations and investor confidence in retail environments. No IPO-related information is present in the article."
"February 20, 2026",粉嶺公路可疑私家車遇查 揭藏$1.7萬大麻草 男司機涉販毒酒駕被捕,https://www.stheadline.com/breaking-news/3545955/粉嶺公路可疑私家車遇查-揭藏17萬大麻草-男司機涉販毒酒駕被捕,"Hong Kong police arrested a 50-year-old male driver on suspicion of drug trafficking and drink-driving after discovering approximately 111 grams of cannabis valued at HKD 17,000 in a suspicious vehicle on Fanling Highway. The incident underscores ongoing enforcement efforts against drug-related activities and highlights strict legal penalties under Hong Kong law, reflecting the government's zero-tolerance policy towards drug offenses and its impact on the local business and social environment."
"February 20, 2026",年初三旺角荔景兩宗猝死案  一男一女同為42歲 同在家中昏倒不治,https://www.stheadline.com/breaking-news/3545954/年初三旺角荔景兩宗猝死案-一男一女同為42歲-同在家中昏倒不治,"Two 42-year-old individuals in Hong Kong, a man and a woman, died suddenly within half an hour of each other while at home in旺角 and荔景 on Lunar New Year's Day, with both having pre-existing health conditions. Authorities are investigating the cases, with no suspicion of foul play at this stage, highlighting ongoing concerns about sudden deaths amid public health and social stability considerations in Hong Kong."
"February 23, 2026",35+顛覆案丨12被告上訴  劉偉聰罪脫遭律政司上訴 上訴庭駁回全部上訴維持原判,https://www.stheadline.com/society/3546678/35顛覆案丨12被告上訴-劉偉聰罪脫遭律政司上訴-上訴庭駁回全部上訴維持原判,"The Hong Kong Court of Appeal dismissed the appeal of 12 defendants, including Liu Wei Cong, in a case related to the 35+ subversion conspiracy, upholding the original verdicts and sentences. The ruling reinforces the legal stance on national security cases, impacting the political environment and stability, which are crucial factors for investors assessing the business climate and cross-border policy risks in Hong Kong. This development signals a firm stance on security laws, potentially influencing investor confidence and regulatory outlooks in the region."
"February 23, 2026",政府公開招聘兩部門首長 議員促恆常化 楊何蓓茵：視乎需要 未必有固定模式,https://www.stheadline.com/politics/3546700/政府公開招聘兩部門首長-議員促恆常化-楊何蓓茵-視乎需要-未必有固定模式,"The Hong Kong government has initiated a public recruitment process for the heads of the Food and Environmental Hygiene Department and the Government Information Service, with discussions on whether to institutionalize such open recruitment for senior positions. Officials emphasize that future recruitment strategies will depend on specific needs rather than establishing a fixed or permanent system, potentially impacting the city's talent management and administrative transparency. This approach reflects ongoing efforts to enhance government efficiency and attract specialized talent, with implications for the local business environment and public sector reform."
"February 23, 2026",財政預算案2026懶人包︱會否派錢？一換一取消？即睇免稅額/消費券/長者福利等各方建議,https://www.stheadline.com/society/3533433/財政預算案2026懶人包會否派錢一換一取消即睇免稅額消費券長者福利等各方建議,"The Hong Kong government’s 2026 budget anticipates a shift towards increased social spending, including potential ""cash handouts"" and consumption vouchers, amid a recovering fiscal surplus driven by higher stamp duty revenues and controlled expenditures. Policy proposals include tax relief enhancements, expanded exemptions, and measures to stimulate local consumption, with a focus on supporting the business environment and social welfare, while maintaining prudent fiscal management through moderate debt issuance. These developments suggest a cautiously optimistic investment climate with a focus on social stability and infrastructure growth, impacting cross-border economic ties and market confidence."
"February 23, 2026",宏福苑安置︱宏志閣居民有感成「二等災民」 黃偉綸：樂意討論納入收購 價格可看齊其餘7座,https://www.stheadline.com/society/3546680/宏福苑安置宏志閣居民有感成二等災民-黃偉綸樂意討論納入收購-價格可看齊其餘7座,"The Hong Kong government plans to use approximately HKD 4 billion to acquire seven residential buildings in Tai Po's Hong Fook Court as part of a long-term relocation scheme, excluding the affected building, Hong Chi House, which survived a fire. Residents of Hong Chi House express concerns over being treated as ""second-class victims"" due to their exclusion from the purchase plan, prompting government officials to emphasize ongoing discussions and the importance of consensus. The policy highlights ongoing efforts to manage public housing redevelopment while addressing social and political sensitivities in Hong Kong's housing sector."
"February 23, 2026",大棋盤︱安置方案具吸引力 政府露口風：緊握單位並不現實 最後立法手段暫「留白」,https://www.stheadline.com/politics/3546659/大棋盤安置方案具吸引力-政府露口風-緊握單位並不現實-最後立法手段暫留白,"The Hong Kong government plans to use approximately HKD 4 billion to acquire units in Tai Po's Hong Fuk Court as part of a long-term resettlement scheme, with potential legislative measures considered as a last resort for residents who refuse to sell. The scheme offers attractive compensation, but legal and policy challenges remain, including the possibility of compulsory acquisition through new legislation, reflecting ongoing social and political tensions impacting the investment climate in property and urban development sectors."
"February 23, 2026",天文台｜局部地區能見度頗低 日間最高氣溫約24度 晚上有一兩陣微雨,https://www.stheadline.com/society/3546656/天文台局部地區能見度頗低-日間最高氣溫約24度-晚上有一兩陣微雨,"The Hong Kong Observatory reports that local visibility is low due to a prevailing easterly airflow, with daytime temperatures around 24°C and light micro-rain expected at night. This weather pattern may impact outdoor economic activities and transportation, potentially influencing market stability and cross-border logistics. No direct policy or regulatory changes are mentioned, but the weather conditions could have short-term implications for the local business environment."
"February 23, 2026",粉嶺公路兩車相撞 貨車翻側司機自行脫困,https://www.stheadline.com/breaking-news/3546660/粉嶺公路兩車相撞-貨車翻側司機自行脫困,"A traffic accident on Fanling Highway involved a medium-sized truck overturning after colliding with a private car, with the driver self-evacuating uninjured. The incident led to partial road closures and traffic congestion in the area. This event highlights ongoing infrastructure and safety challenges in Hong Kong's transportation network, which could impact logistics and business operations in the region."
"February 23, 2026",入境處高級事務助理家暴妻兒 認6罪候懲 官：真係唔明點解爭廁所爭到要郁手,https://www.stheadline.com/society/3546706/入境處高級事務助理家暴妻兒-認6罪候懲-官真係唔明點解爭廁所爭到要郁手,"A senior immigration officer in Hong Kong pleaded guilty to six counts of domestic assault involving his wife and child, stemming from family disputes over minor issues such as bathroom use and childcare. The case highlights ongoing social challenges related to family violence and emotional management, with the court emphasizing the importance of proper emotional regulation and mental health support. This incident underscores the need for strengthened social policies addressing family violence, which could impact the local social stability and investment climate in Hong Kong."
"February 23, 2026",九龍灣裝修中地舖起火冒煙 消防救熄無人受傷,https://www.stheadline.com/breaking-news/3546696/九龍灣裝修中地舖起火冒煙-消防救熄無人受傷,"A fire broke out at a renovation site in Kowloon Bay, causing smoke but resulting in no injuries or evacuations; the fire was quickly extinguished by firefighters, and the cause is under investigation. This incident highlights ongoing safety and regulatory oversight in Hong Kong’s commercial property sector, with potential implications for local business operations and investment confidence in the area. No IPO-related information is present in the article."
"February 23, 2026",藍田康栢苑六旬婦食蒸包骾喉 半昏迷送院,https://www.stheadline.com/breaking-news/3546681/藍田康栢苑六旬婦食蒸包骾喉-半昏迷送院,"A 68-year-old woman in Lam Tin suffered a choking incident after eating a steamed bun, leading to semi-consciousness and hospitalization, highlighting ongoing safety concerns in local food consumption. While the incident underscores community health risks, there are no immediate policy, regulatory, or market implications related to investments or cross-border economic activities in this report."
"February 23, 2026",赴台20歲港女行李藏胡椒噴霧 違反《火器及彈藥條例》機場被捕,https://www.stheadline.com/breaking-news/3546668/赴台20歲港女行李藏胡椒噴霧-違反火器及彈藥條例機場被捕,"A 20-year-old Hong Kong woman attempting to travel to Taiwan was detained at the airport after police found her carrying a suspected pepper spray in her hand luggage, violating Hong Kong's Firearms and Ammunition Ordinance. The incident highlights ongoing enforcement of strict regulations on carrying prohibited items across borders, reflecting heightened security measures and regulatory compliance concerns in Hong Kong's cross-border travel environment. This case underscores the importance for travelers and businesses to adhere to legal standards to avoid penalties and ensure smooth cross-border operations."
"February 23, 2026",大圍酒樓遭爆竊撬毀夾萬掠走兩日營業額80萬現鈔負責人大嘆損失慘重,https://www.stheadline.com/breaking-news/3546683/大圍酒樓遭爆竊撬毀夾萬掠走兩日營業額80萬現鈔-負責人大嘆損失慘重,"A restaurant in Tai Wai experienced a theft where burglars broke in through a damaged fire door, stole approximately HKD 800,000 in cash from seven branches over two days, and damaged CCTV equipment. The incident highlights ongoing concerns over building maintenance and security vulnerabilities, with potential implications for the local business environment and cross-border safety cooperation between Hong Kong and Mainland China. No IPO-related information is present in this article."
"February 23, 2026",大棋盤︱安置方案具吸引力 政府露口風：緊握單位並不現實 最後立法手段暫「留白」,https://www.stheadline.com/politics/3546659/大棋盤安置方案具吸引力-政府露口風緊握單位並不現實-最後立法手段暫留白,"The Hong Kong government is considering legislative measures to compel residents of宏福苑 to accept a proposed $40 million public buyout plan following a fire disaster, with some residents resisting and the potential for future compulsory acquisition laws. This reflects ongoing social and political tensions affecting property rights and urban redevelopment policies, which could influence investor confidence and the regulatory environment in Hong Kong's real estate sector. No IPO-related data is provided in the article."
"February 23, 2026",醫療資訊｜胸痛未必心臟病 或是生蛇先兆,https://www.stheadline.com/ad-health-news/3545294/醫療資訊胸痛未必心臟病-或是生蛇先兆,"The article highlights the importance of early detection and vaccination for shingles (生蛇), especially among high-risk groups such as older adults and those with chronic illnesses like diabetes and COPD, to prevent severe complications. It emphasizes that shingles symptoms can mimic other conditions, including heart issues, underscoring the need for prompt medical consultation. This health advisory may influence public health policies and vaccination uptake, impacting healthcare providers and pharmaceutical markets in Hong Kong."
"February 23, 2026",入境處高級事務助理家暴妻兒 認6罪候懲 官：真係唔明點解爭廁所爭到要郁手,https://www.stheadline.com/society/3546706/入境處高級事務助理家暴妻兒-認6罪候懲-官：真係唔明點解爭廁所爭到要郁手,"A senior immigration officer's family was involved in multiple instances of domestic violence, with the individual admitting to six assaults on his wife and son over three years. The case highlights ongoing social issues related to family violence in Hong Kong, with potential implications for workplace conduct policies and mental health support initiatives, especially given the individual's employment in a government department. The court has postponed sentencing to assess social service and rehabilitation reports, reflecting the judiciary's focus on balancing accountability and social reintegration."
"February 23, 2026",非遺辦首推傳承人認定機制 大埔遊夜龍等傳承人積極報名 盼後浪推前浪,https://www.stheadline.com/society/3546654/非遺辦首推傳承人認定機制-大埔遊夜龍等傳承人積極報名-盼後浪推前浪,"Hong Kong's non-material cultural heritage authorities are implementing a new inheritance recognition mechanism, encouraging traditional practitioners like those involved in the Dapu Dragon Boat Festival and Lantern Festival to apply for official recognition. This policy aims to preserve cultural practices by requiring inheritors to undertake responsibilities such as training successors and maintaining artifacts, fostering cultural continuity amid generational shifts. The initiative reflects broader efforts to safeguard Hong Kong's intangible cultural assets, with potential positive implications for cultural tourism and community engagement."
"February 24, 2026",財政預算案前瞻︱《星島》消息：政府擬預留約2億元成立「北都城鄉共融基金」 推鄉郊文化旅遊,https://www.stheadline.com/politics/3546872/財政預算案前瞻星島消息政府擬預留約2億元成立北都城鄉共融基金-推鄉郊文化旅遊,"The Hong Kong government plans to allocate approximately HKD 200 million to establish the ""North District Rural-Urban Integration Fund"" to promote rural cultural tourism and development of deep tourism experiences across over 200 villages, aiming to leverage historical and cultural assets. This initiative aligns with ongoing efforts to enhance cross-border economic integration and cultural preservation in the Greater Bay Area, potentially stimulating local investment and tourism-related businesses. The policy emphasizes easing regulations and utilizing heritage resources, which could create new opportunities for investment in rural infrastructure and cultural projects."
"February 24, 2026",財政預算案．前瞻︱地建會倡百元印花稅擴至600萬物業 代理商會籲重啟置業資助貸款,https://www.stheadline.com/society/3546748/財政預算案前瞻地建會倡百元印花稅擴至600萬物業-代理商會籲重啟置業資助貸款,"The Hong Kong government is considering policy adjustments in the upcoming fiscal budget, including expanding the $100 stamp duty exemption to properties valued up to HKD 6 million to stimulate the housing market and reduce affordability barriers. Industry groups also propose measures such as reactivating housing assistance loans and developing the silver-haired industry to support economic growth and social stability. These initiatives aim to enhance investment opportunities, address housing affordability, and foster cross-sector development in Hong Kong."
"February 24, 2026",財政預算案．前瞻︱金融界倡完善地區總部稅務優惠 打造成內地企業「出海」首選地,https://www.stheadline.com/society/3546755/財政預算案前瞻金融界倡完善地區總部稅務優惠-打造成內地企業出海首選地,"Hong Kong's financial sector advocates for enhanced tax incentives for regional headquarters and corporate treasury centers to attract mainland Chinese enterprises seeking to expand overseas, aligning with China's ""14th Five-Year Plan"" for high-quality opening-up. Proposed measures include lowering the tax rate for treasury centers from 16.5% to 8.25% and extending similar benefits to regional headquarters, with comparisons to Singapore and Malaysia's low-tax regimes. These policy adjustments aim to boost the growth of regional headquarters in Hong Kong by over 10% annually, strengthening its position as a preferred gateway for mainland companies venturing abroad."
"February 24, 2026",大棋盤︱的士車隊「救亡」與網約平台合流謀出路,https://www.stheadline.com/politics/3546960/大棋盤的士車隊救亡與網約平台合流謀出路,"The article reports that Hong Kong's taxi fleet, facing stagnation and low compliance with licensing targets, is increasingly collaborating with legal ride-hailing platforms like Didi and Gojek to sustain operations amid regulatory uncertainties. This shift suggests a potential policy pivot towards integrating traditional taxi services with digital platforms, which could impact market competition, driver recruitment, and service quality, while reflecting broader regulatory adjustments in response to the evolving transportation landscape."
"February 24, 2026",消息指醫療輔助隊總參事黃英強涉非禮女同袍被落案起訴 明日提堂,https://www.stheadline.com/breaking-news/3546966/消息指醫療輔助隊總參事黃英強涉非禮女同袍被落案起訴-明日提堂,"Hong Kong police have formally charged 黃英強, the Chief Advisor of the Medical Auxiliary Team, with indecent assault on a female colleague, following his arrest in Hengkang. The case, which involves allegations from January, will be heard in Kowloon City Magistrates' Court tomorrow. This incident highlights ongoing social and political sensitivities affecting the local governance environment, with potential implications for public trust and institutional stability."
"February 24, 2026",財政預算案2026前瞻｜公屋聯會倡放寬強積金置業 推動長者住屋發展,https://www.stheadline.com/society/3546972/財政預算案2026前瞻｜公屋聯會倡放寬強積金置業-推動長者住屋發展,"The Hong Kong Public Housing Federation has proposed policy measures for the 2026 budget, including relaxing the use of Mandatory Provident Fund (MPF) savings for property purchases and lowering initial down payment requirements for first-time buyers, to address aging population and housing affordability. These suggestions aim to stimulate the property market, especially for seniors and young buyers, and could influence investment strategies in Hong Kong’s real estate sector. The proposals also include increasing the proportion of larger subsidized units, reflecting a focus on social development and housing policy reforms."
"February 24, 2026",大埔梧桐寨行山漢失蹤大半日 寨乪村尋回自行落山,https://www.stheadline.com/breaking-news/3546963/大埔梧桐寨行山漢失蹤大半日-寨乪村尋回自行落山,"A 67-year-old man went missing while hiking in Tai Po's Wutong Village but was found safe after spending the night alone on the mountain. He was discovered near Lin Jin Highway, uninjured and in good spirits, having self-evacuated with his belongings. This incident highlights the importance of safety awareness in outdoor activities amidst increasing local hiking popularity."
"February 24, 2026",天水圍貨車疑越線撼拖頭 司機一度被困半昏迷,https://www.stheadline.com/breaking-news/3546957/天水圍貨車疑越線撼拖頭-司機一度被困半昏迷,"A serious traffic accident occurred in Tuen Mun, Hong Kong, where a cargo truck suspected of crossing the line collided head-on with an oncoming trailer, resulting in the truck driver being trapped and semi-conscious, requiring rescue and hospital treatment. The incident has led to road closures and transportation disruptions, with investigations ongoing. This event highlights ongoing safety and infrastructure challenges in Hong Kong's transportation sector, which could impact logistics and investment planning in the region."
"February 24, 2026",關愛隊｜中產區抗拒傳統探訪 丹拿關愛隊變陣辦化妝班：中產需關心非恩惠,https://www.stheadline.com/politics/3546520/關愛隊中產區抗拒傳統探訪-丹拿關愛隊變陣辦化妝班中產需關心非恩惠,"The article highlights a shift in community engagement strategies by the Daanza Care Team in Hong Kong's middle-class areas, moving from traditional door-to-door visits to activity-based outreach such as makeup classes and educational tours, to better address residents' needs and resistance. This approach aims to foster social cohesion and enhance government-community relations, reflecting broader efforts to promote social inclusion and community participation amidst evolving social attitudes. The initiative underscores the government's focus on community-driven policies to strengthen social fabric, with potential positive implications for local social stability and investment climate."
"February 24, 2026",天文台｜早上有一兩陣微雨 下午短暫有陽光 最高氣溫約24度,https://www.stheadline.com/society/3546956/天文台早上有一兩陣微雨-下午短暫有陽光-最高氣溫約24度,"The Hong Kong Observatory forecasts a day with a few light showers in the morning, brief sunshine in the afternoon, and a maximum temperature of around 24°C, influenced by a prevailing easterly airflow. The weather is expected to remain warm and humid with increasing showers towards the weekend, which could impact daily activities and economic planning in the region. There are no direct policy, regulatory, or market implications mentioned in the article."
"February 25, 2026",財政預算案2026｜今早11點公布  陳茂波：思路聚焦拼經濟、謀發展、惠民生,https://www.stheadline.com/politics/3547324/財政預算案2026-今早11點公布-陳茂波思路聚焦拼經濟謀發展惠民生,"Hong Kong's Financial Secretary, Paul Chan, announced the 2026 fiscal budget focusing on boosting the economy, fostering development, and improving public welfare, with an emphasis on balancing short-term needs and long-term growth amid a volatile external environment. The budget's cover color, purple, symbolizes strengthening internal economic momentum despite external uncertainties. The announcement signals potential policy measures that could influence investment strategies and the business environment in Hong Kong, especially in relation to economic stability and cross-border development with Mainland China."
"February 25, 2026",大棋盤｜立會「學習會」常規化 「十五五」宣講料浪接浪,https://www.stheadline.com/politics/3547316/大棋盤立會學習會常規化-十五五宣講料浪接浪,"The article reports that the Hong Kong Legislative Council is formalizing regular ""learning sessions"" to deepen members' understanding of national policies, including the ""14th Five-Year Plan"" and upcoming strategic documents from Beijing, reflecting a strengthened alignment with Mainland China's development strategies. These initiatives aim to enhance legislative research capabilities and promote policy communication, potentially impacting the business environment and cross-border policy implementation. The emphasis on ideological education and policy comprehension may influence Hong Kong's political stability and its integration with Mainland China's economic and social development plans."
"February 25, 2026",議政隨想︱譚鎮國：《鐵路立標提效 助力北都發展》,https://www.stheadline.com/politics/3547162/議政隨想譚鎮國鐵路立標提效-助力北都發展,"Hong Kong has announced the implementation of new standardized railway standards, integrating advanced technologies and international best practices, to accelerate and reduce costs of major rail projects like the North District Line and Hong Kong-Shenzhen Western Rail Link. These reforms aim to enhance transportation efficiency, support urban development, and position Hong Kong as a key player in regional and global railway standards, fostering closer integration with Mainland China and the Greater Bay Area. The policy signals a significant upgrade to Hong Kong’s infrastructure investment environment, with potential long-term benefits for economic growth and cross-border connectivity."
"February 25, 2026",財政預算案2026︱預算案或撥兩億設北都基金 譚鎮國倡設旅客限額及預約制,https://www.stheadline.com/society/3547329/財政預算案2026預算案或撥兩億設北都基金-譚鎮國倡設旅客限額及預約制,"Hong Kong's government plans to allocate 1-2 billion HKD to establish the ""North District Urban-Rural Integration Fund"" aimed at promoting rural cultural tourism development, with proposals to implement visitor caps and reservation systems to balance tourism growth and community life. Local officials suggest policies to facilitate rural land use, such as converting entire village houses for commercial purposes and developing areas like Sha Tau Kok into seafood and tourism hubs, emphasizing the need for regulatory support and conservation. These initiatives reflect a strategic move to boost local economy and cross-border tourism, while addressing social and environmental considerations in the Greater Bay Area."
"February 25, 2026",跨部門新界南及機場反「黑工」 拘23人 包括一通緝人士,https://www.stheadline.com/breaking-news/3547309/跨部門新界南及機場反「黑工」-拘23人包括5內地女涉賣淫,"Hong Kong authorities conducted a joint operation targeting illegal employment and prostitution in the New Territories South and airport areas, resulting in the arrest of 23 individuals, including mainland and foreign nationals, with some suspected of violating immigration laws and engaging in illegal activities. The crackdown highlights ongoing regulatory efforts to combat illegal labor practices and cross-border social issues, which may influence the business environment and cross-border policy enforcement. No IPO-related information is provided in the article."
"February 25, 2026",天文台｜大致多雲 早晚有一兩陣微雨 最高氣溫約26度,https://www.stheadline.com/society/3547300/天文台大致多雲早晚有一兩陣微雨最高氣溫約26度,"The Hong Kong Observatory forecasts a mostly cloudy day with occasional micro rain in the early morning and evening, and a high temperature of around 26°C, influenced by easterly winds and a cloud band over the region. The weather is expected to remain humid and warm, with increasing showers and thunderstorms later in the week due to a low-pressure trough affecting South China. These weather conditions may impact local economic activities, particularly in sectors sensitive to climate, such as tourism and outdoor commerce."
"February 25, 2026",旺角「學生公寓」起火 火舌竄出途經司機響咹助疏散 8人不適送院｜有片,https://www.stheadline.com/breaking-news/3547293/旺角學生公寓起火-火舌竄出途經司機響咹助疏散-8人不適送院有片,"A fire broke out at a student dormitory in Mong Kok, causing smoke inhalation injuries to eight international students and prompting emergency evacuation. The incident was reportedly caused by overheating of a charger, with no criminal involvement indicated. This event highlights ongoing safety concerns in Hong Kong's residential and student accommodation sectors, potentially influencing regulatory scrutiny and investment in property safety standards."
"February 25, 2026",屯門青山公路電單車捱撞 鐵騎士嘴部受傷 七旬私家車司機涉酒駕被捕,https://www.stheadline.com/breaking-news/3547292/屯門青山公路電單車捱撞-鐵騎士嘴部受傷-七旬私家車司機涉酒駕被捕,"A traffic accident on Tuen Mun's Castle Peak Road involved a 42-year-old motorcyclist injured after colliding with a private car driven by a 74-year-old man, who was arrested for suspected drunk driving with alcohol levels exceeding the legal limit. The incident highlights ongoing concerns over road safety and the enforcement of drink-driving regulations in Hong Kong, which may influence future policy and regulatory measures aimed at improving transportation safety and public health."
"February 25, 2026",將軍澳7歲童疑弄壞iPad 遭舅父衣架施虐再掟杯蓋 頭部受傷求醫,https://www.stheadline.com/breaking-news/3547291/將軍澳7歲童疑弄壞iPad-遭舅父衣架施虐再掟杯蓋-頭部受傷求醫,"A 7-year-old boy in Tseung Kok Oi sustained head injuries after allegedly being subjected to physical abuse by his maternal uncle, who reportedly used a clothes hanger to punish him for damaging an iPad, and during a dispute, a cup lid was thrown, causing further injury. The incident, involving family conflict and suspected abuse, is under police investigation, with no arrests made yet. This case highlights ongoing concerns over domestic violence and child safety within Hong Kong's social environment."
"February 25, 2026",警聯同入境處新界南打擊黑工及掃黃 拘23人 包括一通緝人士,https://www.stheadline.com/breaking-news/3547262/警聯同入境處新界南打擊黑工及掃黃-拘捕23人-包括一通緝人士,"Hong Kong police and immigration authorities conducted a joint operation in the New Territories South, arresting 23 individuals—including a wanted person—on charges related to illegal employment, immigration violations, and vice activities. The crackdown highlights ongoing regulatory efforts to combat illegal labor and illicit activities, which may influence the local business environment and cross-border enforcement policies between Hong Kong and Mainland China. These actions reflect a tightening of regulatory oversight that could impact cross-border employment and investment stability."
"February 25, 2026",將軍澳北上按摩 港妻不滿女技師私下拎WeChat  經理回應火上加油:點解我要受呢啲委屈,https://www.stheadline.com/travel/3547182/偕夫北上按摩-港妻不滿女技師私下拎WeChat-經理回應火上加油點解我要受呢啲委屈,"A Hong Kong woman and her husband experienced disrespect and discomfort at a Shenzhen massage parlor, where a female technician attempted to exchange contact information with her husband after service, prompting her to complain. The manager's dismissive response, framing the incident as a family matter, further intensified her feelings of injustice. This case highlights ongoing cross-border social tensions and concerns over service industry conduct affecting Hong Kong residents engaging in mainland China leisure activities."
"February 25, 2026",財政預算案2026│2萬元新生嬰兒獎勵金今年10月屆滿 在職媽媽盼政府推措施紓緩子女教育醫療開支,https://www.stheadline.com/society/3547219/財政預算案2026-2萬元新生嬰兒獎勵金今年10月屆滿-在職媽媽盼政府推措施紓緩子女教育醫療開支,"The article reports that the HK government’s HKD 20,000 newborn baby reward scheme, launched as part of the 2026 fiscal budget, will expire in October 2026, prompting calls for policy extensions to support families. It highlights ongoing social challenges, including high childcare and medical expenses, with families urging increased community services and government measures to encourage childbirth and alleviate financial burdens. The policy's expiration may impact demographic trends and the local business environment, especially in sectors related to healthcare, education, and family services."
"February 25, 2026",港鐵北角站月台幕門運作不暢順 將軍澳綫行車時間一度延長,https://www.stheadline.com/breaking-news/3547313/港鐵北角站月台幕門運作不暢順-將軍澳綫行車時間一度延長,"The Hong Kong MTR experienced operational disruptions at North Point Station due to malfunctioning platform doors, leading to a temporary extension of train travel times on the Tseung Kwan O Line by 5 to 8 minutes. The incident prompted maintenance repairs and a gradual return to normal service, highlighting ongoing infrastructure challenges that could impact commuter efficiency and urban mobility, with potential implications for business continuity and cross-border transit in the region."
"February 26, 2026",大棋盤︱調撥外匯基金破格 10年財案見「派糖哲學」變化,https://www.stheadline.com/politics/3547665/大棋盤調撥外匯基金破格-10年財案見派糖哲學變化,"Hong Kong's government has unprecedentedly reallocating HKD 150 billion from the foreign exchange reserve fund to support long-term infrastructure projects, notably the development of the Northern Metropolis, amid a shift in fiscal policy and increased borrowing limits. This move reflects a strategic pivot towards targeted investments and social support measures, signaling a more flexible investment environment with potential cross-border implications for Mainland China-HK economic cooperation. The policy adjustments aim to balance fiscal prudence with long-term growth, influencing investor confidence and market stability."
"February 26, 2026",黎智英欺詐科技園案 法庭裁定黎上訴得直 定罪撤銷,https://www.stheadline.com/society/3547681/黎智英欺詐科技園案-法庭裁定黎上訴得直-定罪撤銷,"The court has overturned the convictions of Jimmy Lai and his associate in a fraud case related to the use of a property in Tseung Kwan O Industrial Estate, highlighting ongoing legal and political developments affecting Hong Kong's business environment. This ruling may influence investor confidence and the regulatory landscape, especially concerning high-profile cases involving media and political figures. The case underscores the evolving legal risks in Hong Kong's cross-border political and economic context."
"February 26, 2026",財政預算案2026｜消費券唔見影惹市民質疑  陳茂波：退稅、增免稅額助四口之家年省逾萬,https://www.stheadline.com/society/3547683/財政預算案2026消費券唔見影惹市民質疑-陳茂波退稅增免稅額助四口之家年省逾萬,"The Hong Kong government’s 2026 fiscal budget omits consumer vouchers, instead focusing on tax rebates and increased tax exemptions to benefit families, with an estimated annual savings of over HKD 10,000 for a four-person household. This policy shift reflects a move away from direct consumer stimulus towards measures aimed at boosting disposable income and supporting economic recovery amid ongoing social and political considerations. The budget also emphasizes infrastructure investment and long-term tourism and development strategies to sustain economic growth."
"February 26, 2026",財政預算案2026｜機管局：爭取訂立更多新民航協議及擴展航權 積極拓展航空網絡,https://www.stheadline.com/society/3547522/財政預算案2026機管局爭取訂立更多新民航協議及擴展航權-積極拓展航空網絡,"The Hong Kong government’s 2026 fiscal budget emphasizes strengthening the city’s role as an international aviation hub by expanding air traffic rights, establishing new civil aviation agreements, and enhancing airport infrastructure, including the launch of the second passenger terminal and autonomous transportation systems. These developments aim to boost cross-border connectivity with Mainland China, particularly within the Greater Bay Area, and support Hong Kong’s strategic position in global logistics and aviation markets. The policy signals a proactive approach to fostering economic growth and maintaining Hong Kong’s competitiveness amid regional integration efforts."
"February 26, 2026",財政預算案2026︱科技園公司歡迎深化創新科技布局措施 加速人工智能產業化,https://www.stheadline.com/society/3547515/財政預算案2026科技園公司歡迎深化創新科技布局措施-加速人工智能產業化,"The Hong Kong government’s 2026-27 budget emphasizes accelerating innovation and technology development, particularly in artificial intelligence (AI), with support for over 500 AI companies and initiatives like the INNOPOLE project to develop the New Territories Science and Technology City. The policy aims to deepen integration with national strategies, attract international talent, and foster a robust biotech and advanced manufacturing ecosystem, enhancing Hong Kong’s position as an international innovation hub and strengthening cross-border collaboration with Mainland China. These measures are expected to boost the local business environment, promote high-tech investment, and support economic diversification."
"February 26, 2026",天文台｜大致多雲 有一兩陣微雨 日間最高氣溫約23度,https://www.stheadline.com/society/3547654/天文台大致多雲-有一兩陣微雨-日間最高氣溫約23度,"The Hong Kong Observatory forecasts a day of mostly cloudy weather with occasional light rain and a maximum temperature of around 23°C, influenced by a prevailing easterly airflow affecting the region and nearby South China. The weather is expected to remain humid with intermittent showers through the weekend, potentially impacting daily activities and economic activities sensitive to weather conditions. There are no direct implications for investment policies or market developments in this weather report."
"February 26, 2026",油麻地貨物裝卸區辦公室遭爆竊 失電腦及硬碟,https://www.stheadline.com/breaking-news/3547653/油麻地貨物裝卸區辦公室遭爆竊-失電腦及硬碟,"A cargo office in the Yau Ma Tei freight handling area was burglarized early on February 25, resulting in the theft of several computers, hard drives, routers, and approximately HKD 3,000 in cash. The incident involved breaking into a logistics company's office, with police currently investigating and no arrests made. This security breach highlights ongoing risks in Hong Kong's logistics sector, potentially impacting business operations and investor confidence in the region's supply chain infrastructure."
"February 26, 2026",屯門大興北站單車漢絆輕鐵路軌「自炒」 一度昏迷,https://www.stheadline.com/breaking-news/3547672/屯門大興北站單車漢絆輕鐵路軌自炒-一度昏迷,"A middle-aged man was injured after falling onto light rail tracks while riding his bicycle at Tuen Mun Dae Hing North Station, resulting in temporary unconsciousness and hospitalization. This incident highlights ongoing safety concerns around urban transportation infrastructure in Hong Kong, which could influence future policy and investment in public transit safety measures. No IPO-related information is present in the article."
"February 26, 2026",警上水搗破地下竹館 拘女主持人及10名賭客,https://www.stheadline.com/breaking-news/3547578/警上水搗破地下竹館-拘女主持人及10名賭客,"Hong Kong police raided an illegal mahjong gambling den in Sheung Shui, arresting a female host and ten gamblers, including both local and mainland Chinese individuals, with confiscated items including gaming tables and HKD 8,070. This enforcement highlights ongoing regulatory efforts to combat illegal gambling activities, reflecting a tightening of law enforcement policies that could impact the local business environment and cross-border regulatory cooperation. The crackdown underscores the government's commitment to maintaining social order, which may influence investment sentiment in the hospitality and entertainment sectors."
"February 26, 2026",牛頭角道店舖淪淫竇 警突擊搜查拘3內地女,https://www.stheadline.com/breaking-news/3547597/牛頭角道店舖淪淫竇-警突擊搜查拘3內地女,"Hong Kong police conducted a raid on a shop in Ngau Tau Kok, arresting three mainland women for managing a suspected prostitution venue, highlighting ongoing enforcement efforts against illegal activities in cross-border areas. This operation underscores the continued regulatory focus on maintaining social order, which may influence the local business environment and cross-border law enforcement cooperation. No IPO-related information is present in the article."
"February 27, 2026",中國載人航天工程辦公室：港澳航天員最快今年執行太空站飛行任務,https://www.stheadline.com/society/3548046/中國載人航天工程辦公室港澳航天員最快今年執行太空站飛行任務,"China's manned space program plans to conduct two crewed missions and a cargo resupply to the space station in 2026, with Hong Kong and Macau astronauts expected to participate in the earliest mission this year. Additionally, the Shenzhou 23 crew will undertake a year-long orbital residency, reflecting China's ongoing advancements in space exploration and international collaboration, which may influence cross-border technological and scientific investments."
"February 27, 2026",大棋盤｜取消「一換一」惹反彈政界籲監察數據再檢視,https://www.stheadline.com/politics/3548037/大棋盤取消一換一惹反彈政界籲監察數據再檢視,"The Hong Kong government has canceled the ""one-for-one"" electric vehicle trade-in tax exemption, prompting market reactions such as increased EV sales and concerns over the policy's impact on EV adoption and revenue. This regulatory change reflects a shift towards market-driven EV development, with potential implications for the local automotive market and cross-border EV trade, particularly involving Macau. The move signals a strategic transition in Hong Kong’s transportation policy, affecting investment and market dynamics in the EV sector."
"February 27, 2026",油塘老翁疑揮杖打白鴿　警檢鴿屍列殘酷對待動物跟進,https://www.stheadline.com/breaking-news/3548000/油塘老翁疑揮杖打白鴿警檢鴿屍列殘酷對待動物跟進,"A senior man in Oil塘 suspected of abusing a white dove with a cane has been reported, with the police investigating the incident as cruelty to animals. The case highlights ongoing concerns over animal welfare and law enforcement responses in Hong Kong, potentially influencing social policies and community trust. No arrests have been made, and the incident may prompt further regulatory scrutiny regarding animal protection laws."
"February 27, 2026",青衣餅店內麵包掟店員 商場平台推跌老翁  黑褸男涉襲擊被捕,https://www.stheadline.com/breaking-news/3548023/青衣餅店內麵包掟店員-商場平台推跌老翁-黑褸男涉襲擊被捕,"A man in Hong Kong was arrested after he threw bread at a female staff member and allegedly pushed an elderly man off a shopping mall platform in Tsing Yi, with police confirming both incidents involved the same individual. The events, captured on video, highlight ongoing concerns over public safety and behavioral issues in retail environments, which could influence local social stability and regulatory responses affecting the business climate. No IPO-related information is present in this article."
"February 27, 2026",天文台｜今日有一兩陣驟雨 早晚沿岸有薄霧 日間最高氣溫約24度,https://www.stheadline.com/society/3548033/天文台今日有一兩陣驟雨-早晚沿岸有薄霧-日間最高氣溫約24度,"The Hong Kong Observatory forecasts a day with occasional showers, early morning fog along the coast, and a maximum temperature of approximately 24°C, influenced by a low-pressure trough affecting South China and the northern South China Sea. The weather pattern indicates a humid environment with intermittent rain and light easterly winds, which may impact local economic activities sensitive to weather conditions. No specific policy, regulatory, or cross-border investment implications are mentioned in the article."
"February 27, 2026",簡樸房條例周日實施 業主：核證報告價格參差 最貴12萬元 料回本期1年,https://www.stheadline.com/society/3548032/簡樸房條例周日實施-業主核證報告價格參差-最貴12萬元-料回本期1年,"The Hong Kong government will implement the ""Simple Housing"" regulation starting this Sunday, requiring property owners to obtain certification reports for subdivided units, with costs ranging from HKD 50,000 to HKD 120,000. The initiative aims to address substandard ""coffin homes,"" with a focus on safety standards and legal compliance, potentially impacting the rental market and property investments. The high certification costs and limited compliant units may influence market dynamics and investor sentiment in the property sector."
"February 27, 2026",警旺角反罪惡查近800人 拘3男包括一名通緝犯涉欠交罰款,https://www.stheadline.com/breaking-news/3547998/警旺角反罪惡查近800人-拘3男包括一名通緝犯涉欠交罰款,"Hong Kong police conducted a crackdown in Mong Kok under the operation ""Levington,"" arresting three men, including a wanted individual for unpaid fines, during a raid that involved over 800 people and multiple venues. This enforcement highlights ongoing efforts to combat organized crime and maintain social stability, which are crucial for fostering a secure environment for investment and cross-border economic activities between Hong Kong and Mainland China. The operation underscores the government's focus on law enforcement to support a stable business climate in the region."
"February 27, 2026",香港《生物多樣性策略及行動計劃》2035 - 共建人與自然和諧共生的美麗香港,https://www.stheadline.com/ad-lifestyle/3546679/香港生物多樣性策略及行動計劃2035-共建人與自然和諧共生的美麗香港,"The Hong Kong government has launched the updated ""Biodiversity Strategy and Action Plan 2035,"" setting out comprehensive measures to protect and restore local ecosystems, promote sustainable development, and enhance cross-border cooperation with Mainland China. The plan emphasizes integrating biodiversity conservation into urban planning, community participation, and technological innovation, signaling a strong policy shift towards sustainable growth and environmental resilience. This initiative is likely to influence investment opportunities in green infrastructure, eco-friendly projects, and cross-border environmental collaborations, reinforcing Hong Kong's commitment to sustainable development and regional ecological security."
"February 27, 2026",珍惜生命│葵聯邨聯欣樓男子墮花槽 當場不治,https://www.stheadline.com/breaking-news/3548042/珍惜生命葵聯邨聯欣樓男子墮花槽-當場不治,"A man aged approximately 60-70 years old fell to his death from a high place outside the Luen Yan Building in Kwai Lian Estate, Kwai Chung, early this morning. The police are investigating the incident, which appears to be a suicide, and the man was found without identification. This tragic event highlights ongoing mental health concerns and the importance of social support systems in Hong Kong."
"February 27, 2026",有片│西區兩貨車「黃格仔」相撞 擋風玻璃爆裂 一人受傷送院,https://www.stheadline.com/breaking-news/3548014/有片│西區兩貨車「黃格仔」相撞-擋風玻璃爆裂-一人受傷送院,"A traffic accident occurred in Hong Kong's Western District involving two trucks at the intersection of Shouson Street and Jik Sin Street, resulting in one driver sustaining injuries and being hospitalized. The collision, captured on surveillance footage, is under investigation to determine if traffic signals were disobeyed. This incident highlights ongoing road safety concerns and the importance of traffic regulation enforcement in Hong Kong's urban environment."
"March 2, 2026",大棋盤︱「梁營」輿論陣地《港人講地》傳遣散 社長稱內部架構重整,https://www.stheadline.com/politics/3548770/大棋盤梁營輿論陣地港人講地傳遣散-社長稱內部架構重整,"The Hong Kong-based online media outlet ""港人講地,"" closely associated with pro-establishment figures and formerly a prominent ""梁營"" opinion platform, is reportedly shutting down due to internal restructuring amid changing social and political environments. The decision reflects broader shifts in the local media landscape and the impact of evolving political and economic conditions on public discourse and media operations in Hong Kong. This development may influence the local information ecosystem and investor perceptions of media stability within the region."
"March 2, 2026",啟德體育園一周年︱首年體育及表演皆旺  主館票收15億膺「世三」 鄧竟成：辛苦耕耘的好回報,https://www.stheadline.com/society/3548639/啟德體育園一周年首年體育及表演皆旺-主館票收15億膺世三-鄧竟成辛苦耕耘的好回報,"The one-year anniversary of the Kai Tak Sports Park in Hong Kong highlights its successful integration of sports and leisure, with total ticket revenue reaching nearly HKD 1.5 billion, ranking third globally and first in Asia. The venue has demonstrated strong market performance, attracting over 7 million visitors and hosting major international events, which bolsters Hong Kong's position as a global hub for large-scale sports and entertainment. This success underscores Hong Kong's evolving business environment, emphasizing infrastructure development and cross-border event hosting, with positive implications for future investment and international profile."
"March 2, 2026",天文台｜大致多雲 日間短暫時間有陽光 最高氣溫約25度,https://www.stheadline.com/society/3548812/天文台大致多雲-日間短暫時間有陽光-最高氣溫約25度,"The Hong Kong Observatory forecasts a mostly cloudy day with brief sunshine and temperatures around 25°C, accompanied by occasional showers and possible thunderstorms due to a southward-moving cold front and humid air influence. The weather pattern indicates a temporary cooling trend in the coming days, impacting local economic activities sensitive to weather conditions. No specific policy, regulatory, or market implications are mentioned in the article."
"March 3, 2026",兩會2026︱李家超抵達北京 中央港澳辦一局代表機場迎接,https://www.stheadline.com/politics/3549182/兩會2026李家超抵達北京-中央港澳辦一局代表機場迎接,"Hong Kong Chief Executive John Lee arrived in Beijing to attend the upcoming 14th National People's Congress, emphasizing ongoing engagement with mainland authorities and advocating for Hong Kong's integration into national development plans. This visit underscores the continued political alignment and cross-border cooperation, which are crucial for Hong Kong's policy stability and investment environment amid evolving regional dynamics."
"March 3, 2026",黎智英案丨《蘋果日報》前執行總編輯馮偉光判囚10年 不服刑罰提上訴,https://www.stheadline.com/society/3549224/黎智英案丨蘋果日報前執行總編輯馮偉光判囚10年-不服刑罰提上訴,"The article reports that former Apple Daily editor-in-chief Feng Weiguang was sentenced to 10 years in prison for conspiracy to collude with foreign forces under Hong Kong's national security law, with an appeal pending. This case underscores ongoing political and legal shifts in Hong Kong that may impact the business environment and cross-border relations with Mainland China, potentially affecting investor confidence and regulatory stability in the region."
"March 3, 2026",中電基層家庭電費補助計劃開始申請！4類人合資格 長者有份 最高獲$1000津貼,https://www.stheadline.com/lifetips/3548105/中電基層家庭電費補助計劃開始申請-4類人合資格-長者有份-最高獲1000津貼,"The Hong Kong government, through the China Electric Power Company, has launched a new subsidy program to assist low-income, elderly, disabled, and subdivided unit residents with electricity costs, offering up to HKD 1,000 per eligible household. Applications are open from March 2 to June 30, 2026, with funds aimed at supporting approximately 73,000 vulnerable families amid ongoing social welfare initiatives. This policy reflects continued efforts to address social disparities and may influence consumer spending and social stability in the region."
"March 3, 2026",機場中跑道舉行飛機事故及救援演習 逾千人參與 測試場緊急事故應變能力,https://www.stheadline.com/society/3549201/機場中跑道舉行飛機事故及救援演習-逾千人參與-測試場緊急事故應變能力,"Hong Kong International Airport conducted its annual emergency response drill on the central runway, simulating a passenger aircraft incident involving a fire caused by a smoking device, with over 1,000 participants including government agencies, airlines, and volunteers. The exercise aimed to evaluate and strengthen the airport’s crisis management and emergency preparedness, reflecting ongoing efforts to enhance safety protocols amid the region’s integrated transportation and regulatory environment. This coordinated drill underscores Hong Kong’s commitment to maintaining high safety standards crucial for sustaining its status as a major international aviation hub and cross-border connectivity with Mainland China."
"March 3, 2026",月全食2026︱3.3元宵節香港有「血月」睇！附最佳觀賞地點/時間/網上直播連結,https://www.stheadline.com/society/3546075/月全食202633元宵節香港有「血月」睇附最佳觀賞地點時間網上直播連結,"The article reports that Hong Kong will observe a rare lunar event—a ""blood moon"" during a total lunar eclipse—on the evening of March 3, 2026, coinciding with the Lantern Festival. The event's detailed timing and optimal viewing locations are provided, along with online streaming options, highlighting the significance of astronomical phenomena for cultural engagement and tourism. This celestial event may boost local interest in science and tourism-related sectors, though it does not directly impact investment policies or market conditions."
"March 3, 2026",伊朗局勢︱縱橫遊20人滯留未能返港 料額外酒店及旅費由杜拜政府承擔,https://www.stheadline.com/society/3549151/伊朗局勢縱橫遊20人滯留未能返港-料額外酒店及旅費由杜拜政府承擔,"The article reports that 20 travelers from two tour groups are stranded in Dubai due to the Iran-related regional conflict, with the Dubai government likely covering additional hotel and travel expenses for affected tourists. While the direct economic impact on Hong Kong appears limited, experts warn of potential inflation and interest rate hikes stemming from energy crises and geopolitical tensions, which could slow Hong Kong’s economic growth and complicate cross-border trade with the Middle East. The situation underscores ongoing geopolitical risks influencing Hong Kong’s business environment and regional trade dynamics."
"March 3, 2026",伊朗局勢．旅遊及航班更新｜機管局：截至上午11時  共14班航班取消,https://www.stheadline.com/society/3548467/伊朗局勢旅遊及航班更新機管局截至上午11時-共14班航班取消,"The article reports that due to escalating tensions in Iran and the Middle East, Hong Kong International Airport has canceled or delayed multiple flights, affecting travel and business operations in the region. This geopolitical instability may impact cross-border trade, investment flows, and the business environment between Hong Kong and Mainland China, especially in sectors reliant on regional connectivity. The ongoing situation underscores the importance for investors to monitor regional security developments and their potential influence on market stability and cross-border economic activities."
"March 3, 2026",香港珠寶展爆驚人搶購潮！阿叔「膠籃頭盔」衝鋒搶貨 網民：昂貴菜市場｜Juicy叮,https://www.stheadline.com/local-topics/3549166/香港珠寶展爆驚人搶購潮阿叔膠籃頭盔衝鋒搶貨-網民昂貴菜市場Juicy叮,"The Hong Kong jewelry exhibition experienced a chaotic surge in purchases, with attendees, including an elderly man using a plastic basket as a helmet, fiercely competing for items, highlighting intense demand and security concerns. This event underscores the vibrant consumer confidence in the luxury and second-hand jewelry markets, driven by attractive prices and limited supply, amid a dynamic cross-border trade environment between Hong Kong and Mainland China. The scene reflects ongoing social and economic activity in Hong Kong's retail sector, with implications for market regulation and consumer behavior."
"March 3, 2026",香港樓市最新動向：政府推新措施穩房市，市場反應積極,https://www.stheadline.com/news/%E6%B8%AF%E8%81%9E-香港樓市最新動向：政府推新措施穩房市，市場反應積極,"The Hong Kong government has introduced new measures to stabilize the property market, leading to a positive market response. These policy adjustments aim to enhance the business environment and support cross-border economic stability with Mainland China, reflecting a proactive approach to maintaining investor confidence amid ongoing social and political developments."
"March 3, 2026",港股今日表現：主要指數微升，科技股領漲，投資者觀望政策走向,https://www.stheadline.com/market-news/3549188/港股今日表現主要指數微升科技股領漲投資者觀望政策走向,"The Hong Kong stock market experienced a slight increase today, led by technology stocks, amid investor caution over policy developments. The market's performance reflects ongoing uncertainties in the regulatory environment and policy trajectory, which are influencing investment sentiment. Additionally, the upcoming lunar eclipse on the Lantern Festival, visible in parts of China including Hong Kong, highlights cultural and social factors that may impact market mood."
"March 3, 2026",港府宣布新一輪房地產調控措施，市場反應熱烈,https://www.stheadline.com/news/%E6%B8%AF%E8%81%9E-%E6%96%B0%E4%B8%80%E8%BD%BD%E6%88%BF%E5%9C%B0%E7%94%A2%E8%AA%BF%E6%8E%A7%E6%8E%AA%E6%96%BD-%E5%B8%82%E5%A0%B4%E5%8F%8D%E6%87%89%E7%83%BD,"The Hong Kong government announced a new round of real estate regulation measures, prompting a strong market response. These policies aim to stabilize the property market amid ongoing economic adjustments, with potential implications for cross-border investment flows between Mainland China and Hong Kong. The regulatory changes are expected to influence the local business environment and investor confidence."
"March 3, 2026",港股通資金流入持續，反映外資對香港市場的信心,https://www.stheadline.com/finance/3549182/港股通資金流入持續反映外資對香港市場的信心,"The article reports continued inflows of funds through the Hong Kong Stock Connect, reflecting strong external investor confidence in the Hong Kong market amid ongoing policy and economic developments. It also highlights Hong Kong's integration with mainland China, with political figures engaging in national discussions, which may influence the investment climate and cross-border economic relations. No IPO-related information is provided in the article."
"March 3, 2026",本地企業宣布擴展計劃，投資額達百億港元，提振經濟信心,https://www.stheadline.com/business/3549150/本地企業宣布擴展計劃投資額達百億港元提振經濟信心,"Hong Kong's Chief Executive and national delegates are heading to Beijing for the upcoming NPC and CPPCC sessions, where Hong Kong's Deputy will propose normalizing the issuance of government bonds in Hong Kong to bolster the city's status as an offshore RMB and international financial center. The initiative aims to attract more global capital, especially amid rising geopolitical risks, and aligns with broader regional economic strategies, including the ""15th Five-Year Plan."" These developments signal a proactive approach to strengthening Hong Kong's financial market infrastructure and cross-border investment ties with Mainland China."
"March 3, 2026",香港科技企業獲得國際資金注入，行業前景看好,https://www.stheadline.com/business/3549170/香港科技企業獲得國際資金注入-行業前景看好,"The article reports that Hong Kong's technology sector is attracting significant international investment, reflecting a positive outlook for the industry amid policy and market developments. This influx of capital may enhance cross-border collaboration with Mainland China and bolster Hong Kong's position as a tech investment hub, despite ongoing social and political challenges affecting the broader investment climate."
"March 3, 2026",本地房地產市場持續升溫，投資者關注新樓盤開售,https://www.stheadline.com/business/3549150/本地房地產市場持續升溫投資者關注新樓盤開售,"Hong Kong's government officials are heading to Beijing to participate in the upcoming National People's Congress, with proposals including the normalization of government bond issuance in Hong Kong to attract global capital and strengthen its status as an offshore Renminbi center. The initiative aims to support the local bond market amid increasing geopolitical tensions, facilitating cross-border investment and economic stability. Additionally, discussions include advancing Hong Kong's financial and infrastructural integration with Mainland China under the ""15th Five-Year Plan."""
"March 4, 2026",啟德體育園1周年︱世界級設施贏盡口碑 提供高質訓練比賽場地 建構強大主場氛圍,https://www.stheadline.com/society/3549293/啟德體育園1周年世界級設施贏盡口碑-提供高質訓練比賽場地-建構強大主場氛圍,"The article highlights the first anniversary of the Kai Tak Sports Park, emphasizing its world-class facilities that have enhanced Hong Kong's sports and entertainment landscape, attracting over 1.9 million visitors and hosting more than 120 international and local events. It underscores the park's role in boosting Hong Kong's international profile, fostering local sports development, and supporting cross-border cultural and sporting exchanges with Mainland China, thereby positively impacting the investment climate in the region."
"March 4, 2026",大棋盤︱陳國基廣邀前議員飯敘 「補回」惜別宴 談及宏志閣 一女子暫未現身,https://www.stheadline.com/politics/3549500/大棋盤︱陳國基廣邀前議員飯敘補回惜別宴-談及宏志閣-一女子暫未現身,"The article reports that Hong Kong government officials, including Secretary for Security Chris Tang and Secretary for Innovation and Technology Sun Dong, are actively engaging with industry leaders and stakeholders to promote economic development and innovation. These efforts aim to strengthen cross-border collaboration with Mainland China, enhance the business environment, and support investment growth amid ongoing social and political developments. No IPO-related information is provided in the article."
"March 4, 2026",新聞追擊︱公屋租金7月檢討 推算加幅1.63% 或近16年第二低,https://www.stheadline.com/society/3549384/新聞追擊公屋租金7月檢討-推算加幅163-或近16年第二低,"The Hong Kong Housing Authority is set to review public housing rent adjustments in July, with an estimated increase of 1.63%, marking the second-lowest increase in nearly 16 years, influenced by rising unemployment and stagnant household incomes. This policy change reflects ongoing economic challenges and may impact the social stability and affordability landscape, with potential cross-border implications for Hong Kong's investment environment amid fluctuating income levels and government fiscal policies."
"March 4, 2026",海關屯門破工廈3私煙倉 檢$675萬貨拘6男 包括3入境旅客,https://www.stheadline.com/breaking-news/3549428/海關屯門破工廈3私煙倉-檢675萬貨拘6男-包括3入境旅客,"Hong Kong customs uncovered a cross-border smuggling operation in Tuen Mun involving three private cigarette warehouses within a factory building, seizing approximately 1.5 million untaxed cigarettes valued at HKD 6.75 million. The operation primarily involved travelers and warehouse personnel, with cigarettes originating from Southeast Asia and potentially supplying both local and export markets. This crackdown highlights ongoing challenges in cross-border trade regulation and the impact of enforcement policies on illicit trade activities in Hong Kong."
"March 4, 2026",男警涉多次違規取用案件管理及調查系統資料 被控12項不誠實使用電腦明提堂,https://www.stheadline.com/breaking-news/3549402/男警涉多次違規取用案件管理及調查系統資料-被控12項不誠實使用電腦明提堂,"A Hong Kong police officer has been charged with 12 counts of dishonest computer use after multiple unauthorized accesses to case management and investigation systems in 2025. The case highlights ongoing concerns over police integrity and regulatory enforcement within Hong Kong's law enforcement sector, potentially impacting public trust and operational transparency."
"March 4, 2026",24歲女尖沙咀梯間遭非禮 休班警被捕停職候查,https://www.stheadline.com/breaking-news/3549400/24歲女尖沙咀梯間遭非禮-休班警被捕停職候查,"A 24-year-old woman was assaulted in a stairwell in Tsim Sha Tsui, with a suspect identified as a 46-year-old former police officer who was off-duty at the time and has been detained and released on bail. The incident highlights ongoing concerns about misconduct within law enforcement personnel, potentially impacting public trust and the social stability essential for Hong Kong's business environment. No IPO-related information is present in the article."
"March 4, 2026",屯門兆麟苑23歲女燒炭亡 父發現惜太遲,https://www.stheadline.com/breaking-news/3549399/屯門兆麟苑23歲女燒炭亡-父發現惜太遲,"A 23-year-old woman in Tuen Mun died by carbon monoxide poisoning at her residence, with her father discovering her too late. The incident is suspected to be related to financial stress, and authorities are awaiting autopsy results to confirm the cause of death. This case highlights ongoing mental health and social challenges affecting the community, with relevant support hotlines provided."
"March 4, 2026",啟德體育園1周年︱園區落成打破場地瓶頸 文藝界大讚「演唱會經濟」,https://www.stheadline.com/society/3549309/啟德體育園1周年園區落成打破場地瓶頸文藝界大讚演唱會經濟,"The first anniversary of the Kai Tak Sports Park highlights its success in breaking previous venue limitations, boosting Hong Kong's ""concert economy"" and attracting international events like the MAMA Awards, which have generated significant economic and cultural benefits. Industry leaders emphasize the park's modern facilities and strategic location as key to attracting global performers, with expectations of further enhancing Hong Kong's position as a major entertainment hub and fostering cross-border cultural exchanges with Mainland China. This development signals positive policy and infrastructure support for Hong Kong's live entertainment sector, with potential long-term economic and social benefits."
"March 4, 2026",天文台｜天氣清涼 日間氣溫徘徊在17度左右 稍後雨勢逐漸減弱,https://www.stheadline.com/society/3549494/天文台天氣清涼-日間氣溫徘徊在17度左右-稍後雨勢逐漸減弱,"The Hong Kong Observatory reports a cool and damp weather pattern, with daytime temperatures around 17°C and decreasing rainfall, influenced by northeastern monsoon and high-altitude disturbances affecting Guangdong. The weather is expected to improve gradually, with dry conditions returning by the weekend amid strong winds, which could impact local economic activities and cross-border logistics. No specific policy, regulatory, or market implications are mentioned in the article."
"March 4, 2026",警葵涌打擊非法街頭賭博 4男被捕最老87歲,https://www.stheadline.com/breaking-news/3549404/警葵涌打擊非法街頭賭博-4男被捕最老87歲,"Hong Kong police arrested four local men aged 62 to 87 for illegal street gambling in Kwai Chung, seizing suspected gambling tools and cash. This enforcement reflects ongoing regulatory efforts to curb illegal activities, which may impact the local business environment and social stability, potentially influencing investor confidence and cross-border law enforcement cooperation with Mainland China. No IPO-related information is provided in the article."
"March 5, 2026",兩會2026︱政府工作報告：提升港澳依法治理效能　促進港澳經濟社會發展,https://www.stheadline.com/politics/3549867/兩會2026黃英豪香港設計大灣區製造成新趨勢-專業服務互認需加快融合,"The article reports on the 2026 National People's Congress, highlighting policies aimed at enhancing Hong Kong's integration into the Greater Bay Area, including standardizing product packaging and accelerating professional service recognition to foster cross-border economic development. It emphasizes Hong Kong's strategic role in international finance and trade amid regional geopolitical shifts, with increased capital inflows from the Middle East and RMB internationalization efforts. These developments suggest a favorable business environment for investment, driven by policy alignment and strengthened mainland-Hong Kong cooperation."
"March 5, 2026",大棋盤︱港版「五年規劃」重在行動 地位高於《施政報告》？,https://www.stheadline.com/politics/3549853/大棋盤港版五年規劃重在行動-地位高於施政報告,"Hong Kong is developing its first five-year strategic plan, emphasizing actionable policies that are intended to guide long-term economic and social development, with a focus on aligning with China's national ""15th Five-Year Plan."" The plan aims to strengthen Hong Kong's roles as an international financial, shipping, and trade hub, while ensuring policy continuity across government administrations, potentially elevating its strategic planning status above the traditional Policy Address. This initiative reflects a shift towards more centralized, long-term planning in Hong Kong's governance, with implications for cross-border economic cooperation and investment stability."
"March 5, 2026",鍾培生突爆婚訊震撼全城 宣布向「最年輕區議員」莊雅婷求婚成功,https://www.stheadline.com/politics/3549871/莊雅婷獲鍾培生求婚最年輕區議員屢上娛樂版-言行出位曾參選港姐-曾獲局長讚棄暗投明,"The article reports that prominent Hong Kong politician and socialite Zhong Peisheng announced his engagement to the youngest district councilor, Zhuang Yating, highlighting her controversial background including a past bid for the Miss Hong Kong pageant and her active community involvement. This high-profile personal development underscores ongoing intersections between political, social, and entertainment spheres in Hong Kong, reflecting the region's dynamic social landscape. There are no direct policy, regulatory, or market implications related to investments or IPO activities in this article."
"March 5, 2026",兩會2026｜小米董事長雷軍：香港擁人才及國際交往優勢 用好香港平台有助科技領域發展,https://www.stheadline.com/politics/3549863/兩會2026小米董事長雷軍香港擁人才及國際交往優勢-用好香港平台有助科技領域發展,"At the 2026 Two Sessions, Xiaomi Chairman Lei Jun highlighted Hong Kong's advantages in talent and international connectivity, emphasizing that leveraging Hong Kong's platform can boost technological development, with Xiaomi already establishing numerous stores there. He also discussed advancements in China's automotive and semiconductor sectors, including the launch of a 3nm chip and plans for increased investment, signaling strong government support for innovation and cross-border collaboration. These developments suggest a favorable investment environment in Hong Kong for tech and manufacturing sectors, with enhanced policy support and market opportunities linked to China's broader technological ambitions."
"March 5, 2026",佐敦商廈醫務中心突斷水 揭後巷銅喉鋸斷失竊 鄰街同遭殃變「水舞間」,https://www.stheadline.com/breaking-news/3549861/佐敦商廈醫務中心突斷水-揭後巷銅喉鋸斷失竊-鄰街同遭殃變水舞間,"A water supply disruption occurred in Jordan due to copper pipes being stolen and damaged in nearby alleys, leading to water outages in multiple commercial units and street water jets creating a ""water dance"" scene. The incident highlights ongoing issues with theft and infrastructure security, which could impact business operations and investor confidence in the local environment. There are no direct policy or regulatory changes mentioned, nor specific economic or cross-border implications in the article."
"March 5, 2026",伊朗局勢︱阿聯酋開通空中走廊 民航機師：航程增但能迅速脫離衡突空域,https://www.stheadline.com/society/3549868/伊朗局勢阿聯酋開通空中走廊-民航機師航程增但能迅速脫離衡突空域,"The article reports that due to escalating Middle Eastern tensions, UAE has opened a safe air corridor for flights, allowing airlines to bypass conflict zones despite increased flight distances and risks from GPS interference, which could elevate fuel and ticket prices. This geopolitical development impacts Hong Kong's aviation sector by causing flight rerouting, potential increases in transportation costs, and heightened operational challenges amid ongoing regional instability. The situation underscores the broader economic and investment implications of geopolitical risks on cross-border air travel and regional connectivity."
"March 5, 2026",天文台｜今日初時有一兩陣微雨 早上清涼 日間最高氣溫約21度,https://www.stheadline.com/society/3549842/天文台今日初時有一兩陣微雨-早上清涼-日間最高氣溫約21度,"The Hong Kong Observatory reports that the weather today is characterized by early micro rain and a cool morning, with a maximum temperature of approximately 21°C, influenced by the northeast monsoon bringing refreshing conditions. This weather pattern, along with upcoming periods of sunshine and strong winds over the weekend, reflects ongoing regional climatic shifts that could impact local economic activities and cross-border trade, especially in sectors sensitive to weather conditions. No specific policy, regulatory, or market-related investment implications are mentioned in the article."
"March 5, 2026",中電完成安裝288萬個智能電錶  客戶手機即時睇用電量,https://www.stheadline.com/society/3549740/中電完成安裝288萬個智能電錶-客戶手機即時睇用電量,中電已成功安裝288萬個智能電錶，覆蓋逾97%的客戶，並透過大數據和AI技術提升電力管理效率，促進香港智慧城市發展。該計劃強化電網可靠性，並計劃將「簡樸房屋」納入安裝範圍，反映政府推動智慧能源轉型的政策方向，對相關投資和基建項目具有積極影響。
"March 5, 2026",伊朗局勢｜米芝蓮「廚魔」梁經倫憶起飛一刻最擔心：仍有火箭在飛,https://www.stheadline.com/breaking-news/3549802/伊朗局勢米芝蓮廚魔梁經倫憶起飛一刻最擔心仍有火箭在飛,"The article reports that Hong Kong residents, including Michelin-starred chef Alvin Leung, safely returned from the Middle East amid ongoing regional conflicts, with concerns centered on missile activity during their flights. The situation underscores the geopolitical instability affecting travel safety and highlights the importance of vigilant risk assessment for cross-border travel and investment in regions with ongoing conflicts. No IPO-related information is provided in the article."
"March 6, 2026",兩會2026｜港澳政協召開聯組會議 丁薛祥：行政主導不是行政長官一人的事 是社會共同責任 要共同配合及支持,https://www.stheadline.com/politics/3550232/兩會2026港澳政協召開聯組會議-丁薛祥行政主導不是行政長官一人的事-是社會共同責任-要共同配合及支持,"The article reports on a joint meeting of Hong Kong and Macau political advisors, where Chinese officials emphasized that administrative leadership is a shared societal responsibility, not solely the Hong Kong Chief Executive's duty. This underscores ongoing efforts to reinforce the importance of coordinated governance and social support for policy implementation, impacting the business environment and cross-border cooperation between Mainland China and Hong Kong. No IPO-related information is provided in the article."
"March 6, 2026",兩會2026｜經濟增長目標4.5%至5%   學者：相比同類經濟體表現已屬難得,https://www.stheadline.com/politics/3550249/兩會2026經濟增長目標45至5-學者相比同類經濟體表現已屬難得,"China's 2026 economic growth target is set between 4.5% and 5%, reflecting a significant slowdown from past high-speed growth but still outperforming many similar economies, especially amid complex international trade tensions. Experts highlight that maintaining this level of growth is challenging and noteworthy given global geopolitical pressures, with policy emphasis on expanding the domestic market and fostering a favorable business environment to support sustainable development and cross-border economic integration with Hong Kong."
"March 6, 2026",香港代表團舉行全體會議審議政府工作報告 周霽：香港發展迎來新歷史機遇,https://www.stheadline.com/politics/3550183/兩會2026香港代表團舉行全體會議審議政府工作報告-周霽香港發展迎來新歷史機遇,"The Hong Kong delegation at the 2026 National People's Congress praised the Chinese government’s work report, highlighting opportunities for Hong Kong’s development amid ongoing high-quality growth strategies, innovation, and reform initiatives. The report emphasizes strengthening Hong Kong’s integration with national development, supporting governance improvements, and leveraging its unique position to contribute to national stability and prosperity, which could positively influence the investment climate and cross-border economic collaboration."
"March 6, 2026",大棋盤｜十五五」論少子化應對港可借鑑完善人口規劃,https://www.stheadline.com/politics/3550238/大棋盤十五五論少子化應對港可借鑑完善人口規劃,"The article discusses China's ""15th Five-Year Plan,"" emphasizing strategic measures to address demographic challenges such as low birth rates and aging population, with a focus on developing comprehensive population policies. It highlights the importance of aligning Hong Kong's policies with mainland China's approach to population management, suggesting that Hong Kong could benefit from establishing a more cohesive and data-driven population strategy to tackle its own demographic issues. These policy developments have significant implications for Hong Kong's social stability and long-term economic growth, influencing cross-border cooperation and investment climate."
"March 6, 2026",將軍澳醫院85歲腸癌女病人疑造口手術出錯 三周後始揭發 同日死亡,https://www.stheadline.com/society/3550251/將軍澳醫院85歲腸癌女病人疑造口手術出錯-三周後始揭發-同日死亡,"Aged 85, a patient at Tseung Kok Tsui Hospital underwent a colostomy surgery that was later found to have been performed incorrectly, with the stoma placed in the stomach instead of the colon. The error was only discovered three weeks post-operation, coinciding with her death from multiple organ failure on the same day. This incident raises concerns about surgical accuracy and patient safety protocols within Hong Kong healthcare institutions."
"March 6, 2026",上水停車場非華裔漢捱斬 腰部中刀 警追緝4兇徒,https://www.stheadline.com/breaking-news/3550227/上水停車場非華裔漢捱斬-腰部中刀-警追緝4兇徒,"A 33-year-old Pakistani man was assaulted with a knife at a parking lot outside the ""Golf Court Residence"" in Sheung Shui, sustaining a stab wound to the waist. Four suspects fled the scene, prompting police to launch a search and review CCTV footage; the victim is in stable condition. This incident highlights ongoing concerns over public safety and cross-border social tensions in Hong Kong, with potential implications for community stability and security policies."
"March 6, 2026",北角33歲女子家中暈倒 昏迷送院搶救,https://www.stheadline.com/breaking-news/3550178/北角33歲女子家中暈倒-昏迷送院搶救,"A 33-year-old woman in North Point collapsed and fell into a coma at her residence, prompting emergency services to transport her to Eastern Hospital for urgent treatment. The incident, linked to her pre-existing health conditions, highlights ongoing concerns about health emergencies in the community. There are no immediate indications of policy or regulatory changes affecting investments or market implications from this event."
"March 6, 2026",佐敦毒餐車連撞4車包括警車-男司機棄車涉5宗罪被捕-男警腳傷送院,https://www.stheadline.com/breaking-news/3550218/佐敦毒餐車連撞4車包括警車-男司機棄車涉5宗罪被捕-男警腳傷送院,"A male driver suspected of drug influence caused a multi-vehicle collision, including a police car, in Jordan, Hong Kong, after fleeing a traffic stop and abandoning his vehicle. He was arrested with suspected drugs and was found to be a wanted individual, while a police officer sustained injuries during the apprehension. This incident highlights ongoing concerns over road safety, drug-related offenses, and law enforcement challenges in the region."
"March 6, 2026",質疑運輸署車牌查冊新安排違新聞自由提司法覆核-今高院裁定記協敗訴,https://www.stheadline.com/society/3550245/質疑運輸署車牌查冊新安排違新聞自由提司法覆核-今高院裁定記協敗訴,"The Hong Kong High Court has dismissed a judicial review brought by the Hong Kong Journalists Association challenging the Transport Department's new vehicle license record access policy, which restricts news organizations' ability to automatically access license information. The court ruled that the policy does not violate freedom of speech or press freedoms, reaffirming regulatory authority over vehicle data access. This decision may impact investigative journalism practices and the regulatory environment for media operations in Hong Kong."
"March 6, 2026",大坑東邨35歲女子住所猝死-友人上門揭發-死因待查,https://www.stheadline.com/breaking-news/3550228/大坑東邨35歲女子住所猝死-友人上門揭發-死因待查,"A 35-year-old woman was found dead in her residence at Tai Hang East Estate, with her friend discovering her after she suddenly collapsed. The police are investigating her cause of death, which remains undetermined, and the case is currently classified as a ""body found"" incident. This incident highlights ongoing safety and social concerns within Hong Kong's residential communities, though it does not directly impact investment or market conditions."
"March 9, 2026",兩會2026．專訪︱談香港「五年規劃」 梁振英：需長遠眼光、堅定目標,https://www.stheadline.com/politics/3550911/兩會2026專訪談香港五年規劃-梁振英需長遠眼光堅定目標,"Hong Kong's future development will rely on long-term planning and strategic positioning, with emphasis on enhancing its role as an international financial, shipping, and legal center in alignment with China's national five-year plan. Key initiatives include fostering Hong Kong as an international maritime legal hub and actively participating in national governance, all while maintaining a stable business environment amid geopolitical uncertainties. These policies aim to strengthen Hong Kong's cross-border economic integration with Mainland China and support sustainable growth over the next decade."
"March 9, 2026",香港求職網遜星洲 僅5.3%職位空缺提AI要求 業界推測企業心態保守︱新聞追擊,https://www.stheadline.com/society/3550889/香港求職網遜星洲-僅53職位空缺提AI要求-業界推測企業心態保守新聞追擊,"The article reports that only 5.3% of over 31,000 job vacancies on Hong Kong's job portal mention AI requirements, primarily in the tech sector, indicating a conservative corporate attitude towards AI adoption. Industry experts suggest that despite the low current demand, AI skills are becoming essential for future competitiveness, especially in senior roles, amid a broader trend of increasing AI integration in the workplace. This cautious approach reflects ongoing uncertainties in Hong Kong's business environment regarding AI implementation, with potential implications for workforce development and cross-border competitiveness with mainland China."
"March 9, 2026",物業資訊平台用AI節省三成人手 WFH職位空缺減 料銀行起帶頭作用︱新聞追擊,https://www.stheadline.com/society/3550891/物業資訊平台用AI節省三成人手-WFH職位空缺減-料銀行起帶頭作用新聞追擊,"The article reports that a property information platform in Hong Kong has implemented AI technology to automate data entry, reducing staffing needs by 30% and improving accuracy, which enhances operational efficiency. Despite these advancements, adoption of AI among local SMEs remains limited due to concerns over privacy and investment costs, while larger banks are beginning to reconsider remote work policies, potentially impacting the local business environment and cross-border collaboration. These developments highlight ongoing technological and workplace shifts influencing Hong Kong’s investment climate and business competitiveness."
"March 9, 2026",大棋盤︱「行政主導」市民有責 塑新政治生態,https://www.stheadline.com/politics/3551029/大棋盤︱「行政主導」市民有責-塑新政治生態,"The article discusses China's central government emphasizing the importance of ""administrative-led"" governance in Hong Kong, highlighting that this approach is a shared responsibility among the government, society, and citizens. It underscores efforts to deepen governance efficiency and foster a new political ecosystem, with calls for increased public understanding and participation to support policy implementation amid ongoing political and social developments. These shifts aim to strengthen cross-border governance and stability, impacting Hong Kong's political and investment environment."
"March 9, 2026",深井釣魚灣男子飄浮海面 消防救起惜不治,https://www.stheadline.com/breaking-news/3551024/深井釣魚灣男子飄浮海面-消防救起惜不治,"A man aged approximately 40 to 50 years old was found floating and subsequently rescued from the sea near Tsing Yi, Deep Water Bay, but was declared dead at the scene. The police are investigating his identity and the cause of his fall into the water, with the death pending an autopsy. This incident highlights ongoing safety concerns in Hong Kong's coastal areas, though it does not directly impact investment policies or market conditions."
"March 9, 2026",港鐵月台變擂台 大媽同手同腳起飛腳 卡通男節節敗退叫陣反嗆 結局估你唔到｜Juicy叮,https://www.stheadline.com/local-topics/3551027/港鐵月台變擂台-大媽同手同腳起飛腳-卡通男節節敗退叫陣反嗆-結局估你唔到｜Juicy叮,"The article reports a viral incident at Lai King MTR station where a woman and a man dressed in a cartoon costume engaged in a physical altercation on the platform, attracting widespread online attention and humorous commentary. The event highlights ongoing concerns about public safety and behavior in Hong Kong's public transport spaces, with potential implications for social stability and regulatory enforcement in the context of urban management. No investment-related policy, economic data, or cross-border implications are discussed in this article."
"March 9, 2026",伊朗局勢︱汽油升至$32.39/L 李耀培料本周中後期庫存用完：油價或即時急升 倡政府派油券紓困,https://www.stheadline.com/society/3551060/伊朗局勢汽油升至3239L-李耀培料本周中後期庫存用完-油價或即時急升-倡政府派油券紓困,"The article reports a surge in Hong Kong's gasoline prices to HKD 32.39 per liter amid ongoing tensions in Iran and the Middle East, with international oil prices hitting a high not seen since July 2022. Experts predict local fuel prices will rise sharply in the mid to late March due to depleted inventories and increased shipping costs, prompting calls for government intervention such as fuel subsidies to mitigate inflationary pressures. This situation underscores the vulnerability of Hong Kong's energy costs to geopolitical risks and global market fluctuations, potentially impacting the business environment and consumer costs."
"March 9, 2026",全球人才高峰會周月中揭幕-人才辦總監陳海勁聚國際領袖洞見,https://www.stheadline.com/society/3551044/全球人才高峰會周月中揭幕-人才辦總監陳海勁聚國際領袖洞見,"The Hong Kong government is hosting the ""Global Talent Summit Week,"" featuring international forums, expos, and satellite events to promote cross-border talent exchange and collaboration with Mainland China. The event aims to position Hong Kong as a hub for high-end international talent, leveraging policy initiatives and global partnerships to enhance its competitive edge in education, technology, and economic development. This strategic focus on talent attraction and regional cooperation is expected to strengthen Hong Kong’s role in the national and international talent ecosystem, with potential positive implications for its business environment and investment climate."
"March 9, 2026",胡定旭率潮屬社團考察汕頭、揭陽等地 盼推動交流合作,https://www.stheadline.com/politics/3551038/胡定旭率潮屬社團考察汕頭揭陽等地-盼推動交流合作,"Hong Kong's Hong Tong Society, led by Hu Dingxu, visited Shantou and Jieyang to promote cross-border cultural and economic cooperation, emphasizing the importance of strengthening ties and attracting investment from Hong Kong to these regions. The visits highlight ongoing efforts to deepen Hong Mainland-Hong Kong collaboration, particularly in cultural, technological, and economic sectors, amid a favorable local development environment. This engagement underscores the strategic focus on fostering regional integration and investment opportunities within the Greater Bay Area."
"March 9, 2026",內地男遭禁錮勒索失逾$600萬泰達幣及白銀 兩男落網1人被控今提堂,https://www.stheadline.com/breaking-news/3551034/內地男遭禁錮勒索失逾600萬泰達幣及白銀-兩男落網1人被控今提堂,"A 24-year-old mainland Chinese man was kidnapped and extorted over 5.3 million USDT (Tether) and 80,000 yuan worth of silver in Hong Kong, leading to the arrest of two suspects—one mainland Chinese and one local. The incident highlights cross-border criminal activities impacting Hong Kong's investment environment, especially in the cryptocurrency and precious metals sectors, amid ongoing regulatory and security concerns."
"March 9, 2026",兩會2026．專訪︱梁振英：香港政治體制是行政主導 立法主動權在行政機關手上,https://www.stheadline.com/politics/3550916/兩會2026專訪梁振英香港政治體制是行政主導-立法主動權在行政機關手上,"Hong Kong's political system is characterized by an administrative-led framework, with legislative initiative primarily in the hands of the executive branch, as explained by former Chief Executive Leung Chun-ying. This structure emphasizes the importance of understanding the relationship between elected legislators and the executive, impacting governance and policy implementation. The article underscores the ongoing influence of the executive in shaping legislative and societal priorities within the Hong Kong–Mainland China cross-border context."
"March 9, 2026",深水埗女子梯間遭非禮 丈夫護妻被打傷 巴裔男子被捕,https://www.stheadline.com/breaking-news/3551021/深水埗女子梯間遭非禮-丈夫護妻被打傷-巴裔男子被捕,"A woman in Sham Shui Po was assaulted after being allegedly molested in a building stairwell, prompting police to arrest a 40-year-old Pakistani man. The incident involved her husband defending her and sustaining injuries, with both victims receiving medical treatment. This event highlights ongoing social tensions and law enforcement responses in Hong Kong, but does not directly impact investment policies or market conditions."
"March 9, 2026",啟德體育園1周年︱推動「全民參與新時代」 逾22萬人次參與「飛越啟德」 學界精英賽移師園區,https://www.stheadline.com/society/3550794/啟德體育園1周年推動全民參與新時代-逾22萬人次參與飛越啟德-學界精英賽移師園區,"The first anniversary of the Kai Tak Sports Park highlights its success in promoting community engagement, with over 220,000 participants in activities like ""Fly Over Kai Tak"" and the relocation of elite school competitions to the venue, reflecting a shift towards a more inclusive sports culture aligned with Hong Kong's ""five modernization"" policy. The park's versatile facilities and strategic partnerships are fostering grassroots participation and elevating Hong Kong's sports development, with implications for cross-border collaboration and the broader social and economic environment."
"March 9, 2026",粉嶺公路兩貨車相撞 送水車2人被困獲救,https://www.stheadline.com/breaking-news/3551023/粉嶺公路兩貨車相撞-送水車2人被困獲救,"A collision occurred on Fanling Highway involving two medium-sized trucks, one transporting bottled water, resulting in two individuals being trapped and subsequently rescued; both are reported to be conscious. The incident has led to partial road closures and traffic congestion, with authorities investigating the cause. This event highlights ongoing infrastructure safety concerns and the impact of traffic incidents on cross-border transportation and logistics in Hong Kong."
"March 10, 2026",兩會2026︱李慧琼：研人大常委工作模式引入立法會,https://www.stheadline.com/politics/3551245/兩會2026李慧琼研人大常委工作模式引入立法會,"Hong Kong's Legislative Council is exploring the integration of the National People's Congress Standing Committee's work model, including law enforcement inspections and systematic public opinion collection, to enhance governance and oversight. This policy shift aims to strengthen the administrative-led governance framework under the Basic Law, with implications for cross-border regulatory coordination and Hong Kong's political stability, potentially impacting the investment environment by fostering a more systematic and efficient governance approach."
"March 10, 2026",大棋盤︱香港油價「世一」貴 政府可介入？議員：足足是台灣4倍價 太離譜,https://www.stheadline.com/politics/3551120/大棋盤香港油價世一貴-政府可介入議員足足是台灣4倍價-太離譜,"Hong Kong faces significantly elevated fuel prices, with local gasoline costs nearly four times higher than Taiwan's, raising concerns over market regulation and potential government intervention amid ongoing geopolitical tensions in the Middle East. The surge in oil prices is prompting increased electric vehicle sales, especially following the cancellation of subsidies for traditional fuel vehicles, highlighting shifts in consumer behavior and market dynamics. Policymakers are closely monitoring the situation, considering regulatory measures such as price controls or licensing models, amid concerns over market transparency and the influence of oil companies on pricing."
"March 10, 2026",致力確保新信號系統運作暢順 港鐵制訂全面應變方案有備無患,https://www.stheadline.com/ad-enterprise/3551204/致力確保新信號系統運作暢順-港鐵制訂全面應變方案有備無患,港鐵將於3月15日啟用新信號系統，取代自1996年使用的舊系統，並已完成多項安全測試，獲得政府批准。為確保系統切換順利，港鐵制定全面應變方案，包括加派人手和保留現有系統作備用，彰顯其在提升基礎設施安全與運營穩定性方面的持續投資與風險管理策略。
"March 10, 2026",警黃大仙工廈掃毒拘捕24歲男 檢33萬元大麻,https://www.stheadline.com/breaking-news/3551338/警黃大仙工廈掃毒拘捕24歲男-檢33萬元大麻,"Hong Kong police arrested a 24-year-old man in Wong Tai Sin for drug trafficking, confiscating approximately 210 grams of cannabis valued at HKD 33,000 during a raid in a local industrial building. This enforcement action highlights ongoing regulatory efforts to combat drug-related activities, reflecting the government's strict stance under the Dangerous Drugs Ordinance, which could influence the local business environment and investor confidence in maintaining social stability. There are no IPO-related details or market implications explicitly mentioned in this article."
"March 10, 2026",警方聯同入境處旺角打擊黑工及掃黃 14名男女被捕,https://www.stheadline.com/breaking-news/3551284/警方聯同入境處旺角打擊黑工及掃黃-14名男女被捕,"Hong Kong police and immigration authorities conducted a cross-department operation in Mongkok, arresting 14 individuals—including mainland and foreign nationals—for illegal employment and prostitution-related offenses, highlighting ongoing regulatory enforcement efforts. This crackdown underscores the government's focus on maintaining social order and regulatory compliance, which could influence the business environment and cross-border labor policies. The incident reflects the broader social and political climate's impact on Hong Kong's investment and regulatory landscape."
"March 10, 2026",天水圍商場診所門外遭縱火 警方跟進,https://www.stheadline.com/breaking-news/3551345/天水圍商場診所門外遭縱火-途人撲熄警方跟進,"A fire was deliberately set outside a clinic in Tuen Mun's Tin Shui Wai, which was quickly extinguished by bystanders; police have classified the incident as arson and are investigating. The event highlights ongoing safety concerns in the area, with no injuries reported. This incident may influence local security policies and investor confidence in the community's safety environment."
"March 10, 2026",天文台｜大致多雲 初時有一兩陣微雨 下午最高氣溫約19度,https://www.stheadline.com/society/3551343/天文台大致多雲-初時有一兩陣微雨-下午最高氣溫約19度,"The Hong Kong Observatory forecasts a mostly cloudy day with early micro rain and a high temperature of around 19°C, influenced by northeastern monsoon winds bringing cooler weather to the region. The weather pattern indicates a transition to clearer, drier conditions in the coming days, with stronger winds expected later in the week, which could impact local economic activities and cross-border logistics. No specific policy, regulatory, or market-related investment implications are mentioned in the article."
"March 10, 2026",粉嶺公路貨車「自炒」翻側 司機自行脫困,https://www.stheadline.com/breaking-news/3551344/粉嶺公路貨車自炒翻側-司機自行脫困,"A freight truck in Fanling experienced a self-accident, overturning after colliding with a median barrier, but the driver managed to escape uninjured. The incident led to partial road closures, with authorities investigating the cause. This event highlights ongoing road safety concerns and the importance of traffic management policies in Hong Kong's transportation sector."
"March 10, 2026",啟德體育園1周年︱香港市民的共同成就、共同驕傲 蔡健斌：為港經濟與體育發展創造「雙贏」,https://www.stheadline.com/society/3551143/啟德體育園1周年香港市民的共同成就共同驕傲-蔡健斌為港經濟與體育發展創造雙贏,"The one-year anniversary of Hong Kong's Kai Tak Sports Park highlights its success in boosting local sports and cultural industries, hosting over 200 events with more than 840,000 participants, and contributing to economic growth. The facility's flexible operations and international event hosting demonstrate Hong Kong's strengthening position in sports infrastructure and cross-border collaboration within the Greater Bay Area, fostering a favorable environment for future investments in sports and entertainment sectors."
